WAP_001,WAP_002,WAP_003,WAP_004,WAP_007,WAP_008,WAP_017,WAP_018,WAP_021,WAP_022,WAP_023,WAP_024,WAP_026,WAP_029,WAP_034,WAP_035,WAP_036,WAP_037,WAP_045,WAP_048,WAP_054,WAP_057,WAP_058,WAP_059,WAP_060,WAP_061,WAP_095,WAP_097,WAP_098,WAP_100,WAP_104,WAP_106,WAP_107,WAP_108,WAP_110,WAP_111,WAP_112,WAP_115,WAP_116,WAP_117,WAP_118,WAP_119,WAP_120,WAP_121,WAP_122,WAP_123,WAP_124,WAP_125,WAP_126,WAP_127,GRP
-100,-100,-100,-100,-100,-100,-100,-100,-100,-100,-100,-100,-77,-100,-100,-100,-100,-100,-100,-100,-85,-90,-100,-100,-100,-100,-88,-100,-100,-78,-100,-100,-100,-80,-100,-100,-100,-100,-100,-100,-100,-71,-71,-60,-100,-78,-100,-100,-86,-86,4
-100,-100,-100,-100,-100,-100,-100,-100,-100,-100,-100,-100,-100,-100,-100,-100,-100,-100,-100,-100,-100,-100,-100,-100,-100,-100,-100,-100,-100,-100,-100,-100,-100,-100,-100,-100,-100,-100,-100,-100,-100,-100,-100,-100,-100,-100,-100,-100,-100,-100,4
-100,-100,-100,-100,-100,-100,-100,-100,-100,-100,-100,-100,-75,-100,-100,-100,-100,-100,-100,-100,-85,-82,-100,-100,-100,-100,-100,-100,-100,-75,-100,-100,-100,-74,-100,-100,-100,-100,-100,-100,-100,-70,-69,-66,-100,-100,-100,-100,-86,-86,4
-100,-100,-100,-100,-100,-100,-100,-100,-100,-100,-100,-100,-75,-100,-100,-100,-100,-100,-100,-100,-85,-82,-100,-100,-100,-100,-100,-100,-100,-79,-100,-100,-100,-80,-100,-100,-100,-100,-100,-100,-100,-70,-75,-69,-100,-81,-100,-100,-86,-86,4
-100,-100,-100,-100,-100,-100,-100,-100,-100,-100,-100,-100,-81,-100,-100,-100,-100,-100,-100,-100,-100,-90,-100,-100,-100,-100,-80,-100,-100,-75,-100,-100,-100,-72,-100,-100,-100,-100,-100,-100,-100,-71,-71,-65,-63,-83,-100,-100,-100,-100,4
-100,-100,-100,-100,-100,-100,-100,-100,-100,-100,-100,-100,-79,-100,-100,-100,-100,-100,-100,-100,-85,-90,-100,-100,-100,-100,-100,-100,-100,-87,-100,-100,-100,-80,-100,-100,-100,-100,-100,-100,-100,-68,-68,-64,-100,-78,-100,-100,-86,-86,4
-100,-100,-100,-100,-100,-100,-100,-100,-100,-100,-100,-100,-79,-100,-100,-100,-100,-100,-100,-100,-100,-90,-100,-100,-100,-100,-80,-100,-100,-80,-100,-84,-85,-73,-100,-100,-100,-100,-100,-100,-100,-68,-68,-65,-64,-83,-100,-100,-100,-100,4
-100,-100,-100,-100,-100,-100,-100,-100,-100,-100,-100,-100,-79,-100,-100,-100,-100,-100,-100,-100,-83,-83,-100,-100,-100,-100,-87,-100,-100,-82,-100,-100,-88,-73,-100,-100,-100,-100,-100,-100,-100,-68,-68,-66,-65,-84,-100,-100,-80,-78,4
-100,-100,-100,-100,-100,-100,-100,-100,-100,-100,-100,-100,-79,-100,-100,-100,-100,-100,-100,-100,-83,-83,-100,-100,-100,-100,-83,-100,-100,-80,-100,-100,-88,-77,-100,-100,-100,-100,-100,-100,-100,-72,-72,-67,-67,-83,-100,-100,-82,-82,4
-100,-100,-100,-100,-100,-100,-100,-100,-100,-100,-100,-100,-80,-100,-100,-100,-100,-100,-100,-100,-100,-100,-100,-100,-100,-100,-80,-100,-100,-84,-100,-84,-85,-69,-100,-100,-100,-100,-100,-100,-100,-71,-71,-65,-64,-84,-100,-100,-83,-70,4
-100,-100,-100,-100,-100,-100,-100,-100,-100,-100,-100,-100,-79,-100,-100,-100,-100,-100,-100,-100,-81,-83,-100,-100,-100,-100,-87,-100,-100,-83,-100,-100,-88,-71,-100,-100,-100,-100,-100,-100,-100,-72,-71,-65,-65,-84,-100,-100,-80,-78,4
-100,-100,-100,-100,-100,-100,-100,-100,-100,-100,-100,-100,-79,-100,-100,-100,-100,-100,-100,-100,-83,-83,-100,-100,-100,-100,-83,-100,-100,-80,-100,-100,-88,-75,-100,-100,-100,-100,-100,-100,-100,-72,-71,-66,-67,-83,-100,-100,-84,-84,4
-100,-100,-100,-100,-100,-100,-100,-100,-100,-100,-100,-100,-81,-100,-100,-100,-100,-100,-100,-100,-83,-83,-100,-100,-100,-100,-80,-100,-100,-80,-100,-80,-87,-81,-100,-100,-100,-100,-100,-100,-100,-71,-71,-62,-63,-82,-100,-100,-83,-81,4
-100,-100,-100,-100,-100,-100,-100,-100,-100,-100,-100,-100,-100,-100,-100,-100,-100,-100,-100,-100,-81,-100,-100,-100,-100,-100,-87,-100,-100,-78,-100,-100,-85,-70,-100,-100,-100,-100,-100,-100,-100,-64,-63,-65,-67,-84,-100,-100,-80,-78,4
-100,-100,-100,-100,-100,-100,-100,-100,-100,-100,-100,-100,-86,-100,-100,-100,-100,-100,-100,-100,-83,-83,-100,-100,-100,-100,-83,-100,-100,-81,-100,-80,-100,-74,-100,-100,-100,-100,-100,-100,-100,-68,-67,-68,-67,-83,-100,-100,-86,-87,4
-100,-100,-100,-100,-100,-100,-100,-100,-100,-100,-100,-100,-81,-100,-100,-100,-100,-100,-100,-100,-83,-83,-100,-100,-100,-100,-100,-100,-100,-77,-100,-80,-87,-72,-100,-100,-100,-100,-100,-100,-100,-67,-67,-64,-63,-84,-100,-100,-83,-81,4
-100,-100,-100,-100,-100,-100,-100,-100,-100,-100,-100,-100,-83,-100,-100,-100,-100,-100,-100,-100,-100,-100,-100,-100,-100,-100,-100,-100,-100,-72,-85,-100,-87,-75,-100,-100,-100,-100,-100,-100,-100,-70,-70,-66,-100,-82,-100,-100,-87,-84,4
-100,-100,-100,-100,-100,-100,-100,-100,-100,-100,-100,-100,-100,-100,-100,-100,-100,-100,-100,-100,-81,-100,-100,-100,-100,-100,-87,-100,-100,-79,-100,-100,-85,-77,-100,-100,-100,-100,-100,-100,-100,-71,-71,-66,-67,-82,-100,-100,-79,-82,4
-100,-100,-100,-100,-100,-100,-100,-100,-100,-100,-100,-100,-86,-100,-100,-100,-100,-100,-100,-100,-84,-87,-100,-100,-100,-100,-83,-100,-100,-77,-100,-80,-100,-83,-100,-100,-100,-100,-100,-100,-100,-70,-71,-66,-67,-87,-100,-100,-86,-87,4
-100,-100,-100,-100,-100,-100,-100,-100,-100,-100,-100,-100,-79,-100,-100,-100,-100,-100,-100,-100,-83,-83,-100,-100,-100,-100,-100,-100,-100,-77,-100,-80,-87,-76,-100,-100,-100,-100,-100,-100,-100,-66,-67,-64,-63,-82,-100,-100,-87,-88,4
-100,-100,-100,-100,-100,-100,-100,-100,-100,-100,-100,-100,-83,-100,-100,-100,-100,-100,-100,-100,-83,-83,-100,-100,-100,-100,-100,-100,-100,-73,-85,-80,-87,-75,-100,-100,-100,-100,-100,-100,-100,-67,-67,-64,-63,-82,-100,-100,-87,-88,4
-100,-100,-100,-100,-100,-100,-100,-100,-100,-100,-100,-100,-100,-100,-100,-100,-100,-100,-100,-100,-85,-84,-100,-100,-100,-100,-83,-100,-100,-77,-100,-80,-100,-74,-100,-100,-100,-100,-100,-100,-100,-66,-67,-59,-100,-100,-100,-100,-86,-84,4
-100,-100,-100,-100,-100,-100,-100,-100,-100,-100,-100,-100,-86,-100,-100,-100,-100,-100,-100,-100,-83,-84,-100,-100,-100,-100,-83,-100,-100,-77,-100,-80,-100,-77,-100,-100,-100,-100,-100,-100,-100,-70,-71,-63,-100,-100,-100,-100,-86,-85,0
-100,-100,-100,-100,-100,-100,-100,-100,-100,-100,-100,-100,-100,-100,-100,-100,-100,-100,-100,-100,-100,-100,-100,-100,-100,-100,-100,-100,-100,-100,-100,-100,-100,-100,-100,-100,-100,-100,-100,-100,-100,-100,-100,-100,-100,-100,-100,-100,-100,-100,0
-100,-100,-100,-100,-100,-100,-100,-100,-89,-90,-100,-100,-100,-100,-100,-100,-100,-100,-91,-92,-100,-100,-85,-84,-100,-100,-100,-76,-81,-100,-55,-60,-61,-64,-100,-100,-84,-100,-100,-100,-100,-58,-58,-63,-60,-100,-74,-74,-100,-100,0
-100,-100,-100,-100,-100,-100,-100,-100,-100,-100,-100,-100,-100,-100,-100,-100,-100,-100,-100,-100,-100,-100,-85,-84,-100,-100,-100,-85,-81,-100,-62,-59,-59,-64,-100,-100,-84,-100,-100,-100,-100,-51,-54,-64,-60,-100,-73,-70,-100,-100,0
-100,-100,-100,-100,-100,-100,-100,-100,-100,-100,-100,-100,-100,-100,-100,-100,-100,-100,-100,-100,-100,-100,-100,-100,-100,-100,-100,-85,-79,-100,-59,-57,-57,-66,-100,-100,-100,-100,-100,-100,-100,-68,-67,-65,-67,-100,-74,-74,-100,-100,0
-100,-100,-100,-100,-100,-100,-100,-100,-100,-100,-100,-100,-100,-100,-100,-100,-100,-100,-100,-100,-100,-100,-100,-100,-100,-100,-100,-78,-83,-100,-58,-57,-54,-66,-100,-100,-85,-100,-100,-100,-100,-55,-53,-63,-62,-100,-73,-73,-100,-100,0
-100,-100,-100,-100,-100,-100,-100,-100,-89,-90,-100,-100,-100,-100,-100,-100,-100,-100,-100,-100,-100,-100,-100,-100,-100,-100,-100,-84,-79,-100,-59,-63,-55,-70,-100,-100,-89,-100,-100,-100,-100,-61,-62,-69,-70,-100,-76,-73,-100,-100,0
-100,-100,-100,-100,-100,-100,-100,-100,-89,-90,-100,-100,-100,-100,-100,-100,-100,-100,-100,-100,-100,-100,-100,-100,-100,-100,-100,-84,-80,-100,-58,-55,-53,-66,-100,-100,-89,-100,-100,-100,-100,-58,-58,-69,-69,-100,-76,-72,-100,-100,0
-100,-100,-100,-100,-100,-100,-100,-100,-100,-100,-100,-100,-100,-100,-100,-100,-100,-100,-100,-100,-90,-92,-100,-100,-100,-100,-100,-81,-78,-100,-62,-57,-56,-70,-100,-100,-100,-100,-100,-100,-100,-57,-59,-65,-63,-100,-67,-75,-100,-90,0
-100,-100,-100,-100,-100,-100,-100,-100,-90,-100,-100,-100,-100,-100,-100,-100,-100,-100,-100,-100,-100,-86,-100,-100,-100,-85,-100,-67,-75,-100,-61,-53,-53,-78,-100,-100,-100,-100,-100,-100,-100,-58,-57,-71,-67,-100,-71,-71,-100,-88,0
-78,-78,-72,-72,-83,-83,-100,-100,-73,-73,-100,-100,-100,-100,-76,-76,-76,-74,-75,-74,-64,-65,-54,-53,-53,-53,-100,-56,-64,-100,-39,-38,-38,-85,-100,-100,-73,-100,-100,-88,-92,-83,-83,-100,-83,-100,-61,-60,-100,-100,0
-100,-100,-100,-100,-100,-100,-100,-100,-100,-100,-100,-100,-100,-100,-100,-100,-100,-100,-100,-100,-100,-100,-100,-100,-100,-100,-100,-100,-100,-100,-100,-100,-100,-100,-100,-100,-100,-100,-100,-100,-100,-100,-100,-100,-100,-100,-100,-100,-100,-100,0
-100,-100,-100,-100,-100,-100,-100,-100,-100,-100,-100,-100,-100,-100,-100,-100,-100,-100,-100,-100,-100,-89,-100,-100,-100,-100,-100,-100,-100,-85,-100,-85,-90,-72,-100,-100,-100,-100,-100,-100,-100,-49,-50,-57,-61,-87,-85,-88,-86,-100,0
-100,-100,-100,-100,-100,-100,-100,-100,-100,-100,-100,-100,-80,-100,-100,-100,-100,-100,-100,-100,-92,-92,-100,-100,-100,-100,-86,-100,-100,-85,-100,-100,-90,-78,-100,-100,-100,-100,-100,-100,-100,-50,-49,-58,-57,-87,-100,-100,-87,-88,0
-100,-100,-100,-100,-100,-100,-100,-100,-100,-100,-100,-100,-80,-100,-100,-100,-100,-100,-100,-100,-92,-92,-100,-100,-100,-100,-86,-100,-100,-85,-100,-100,-100,-69,-100,-100,-100,-100,-100,-100,-100,-50,-50,-51,-53,-100,-100,-100,-91,-88,0
-100,-100,-100,-100,-100,-100,-100,-100,-100,-100,-100,-100,-87,-100,-100,-100,-100,-100,-100,-100,-100,-100,-100,-100,-100,-100,-100,-100,-100,-89,-100,-85,-85,-79,-100,-100,-100,-100,-100,-100,-100,-49,-49,-50,-53,-88,-100,-100,-91,-100,0
-100,-100,-100,-100,-100,-100,-100,-100,-100,-100,-100,-100,-87,-100,-100,-100,-100,-100,-100,-100,-100,-100,-100,-100,-100,-100,-100,-100,-100,-89,-100,-85,-85,-67,-100,-100,-100,-100,-100,-100,-100,-51,-50,-53,-100,-88,-100,-100,-88,-89,0
-100,-100,-100,-100,-100,-100,-100,-100,-100,-100,-100,-100,-100,-100,-100,-100,-100,-100,-100,-100,-89,-100,-100,-100,-100,-100,-100,-100,-100,-87,-100,-88,-86,-74,-100,-100,-100,-100,-100,-100,-100,-43,-43,-54,-45,-88,-100,-100,-88,-89,0
-100,-100,-100,-100,-100,-100,-100,-100,-100,-100,-100,-100,-100,-100,-100,-100,-100,-100,-100,-100,-89,-100,-100,-100,-100,-100,-100,-100,-100,-87,-100,-88,-85,-66,-100,-100,-100,-100,-100,-100,-100,-48,-48,-56,-45,-87,-100,-100,-89,-89,0
-100,-100,-100,-100,-100,-100,-100,-100,-100,-100,-100,-100,-100,-100,-100,-100,-100,-100,-100,-100,-100,-100,-100,-100,-100,-100,-88,-100,-100,-87,-100,-88,-89,-64,-100,-100,-100,-100,-100,-100,-100,-44,-44,-49,-60,-86,-100,-100,-88,-90,0
-100,-100,-100,-100,-100,-100,-100,-100,-100,-100,-100,-100,-80,-100,-100,-100,-100,-100,-100,-100,-100,-100,-100,-100,-100,-100,-88,-100,-100,-83,-100,-84,-89,-64,-100,-100,-100,-100,-100,-100,-100,-46,-47,-51,-60,-86,-100,-100,-84,-85,0
-100,-100,-100,-100,-100,-100,-100,-100,-100,-100,-100,-100,-80,-100,-100,-100,-100,-100,-100,-100,-91,-90,-100,-100,-100,-100,-100,-100,-100,-87,-100,-85,-88,-61,-100,-100,-100,-100,-100,-100,-100,-42,-43,-46,-51,-100,-100,-100,-86,-88,0
-100,-100,-100,-100,-100,-100,-100,-100,-100,-100,-100,-100,-80,-100,-100,-100,-100,-100,-100,-100,-100,-100,-100,-100,-100,-100,-100,-100,-100,-87,-100,-79,-79,-69,-100,-100,-100,-100,-100,-100,-100,-40,-40,-45,-51,-100,-100,-100,-86,-87,0
-100,-100,-100,-100,-100,-100,-100,-100,-100,-100,-100,-100,-80,-100,-100,-100,-100,-100,-100,-100,-100,-100,-100,-100,-100,-100,-100,-100,-100,-87,-100,-84,-80,-57,-100,-100,-100,-100,-100,-100,-100,-45,-46,-45,-45,-100,-100,-100,-87,-87,0
-100,-100,-100,-100,-100,-100,-100,-100,-100,-100,-100,-100,-77,-100,-100,-100,-100,-100,-100,-100,-100,-100,-100,-100,-100,-100,-100,-100,-100,-100,-100,-77,-76,-57,-100,-100,-100,-100,-100,-100,-100,-41,-42,-47,-45,-100,-100,-100,-87,-100,0
-100,-100,-100,-100,-100,-100,-100,-100,-100,-100,-100,-100,-81,-100,-100,-100,-100,-100,-100,-100,-100,-100,-100,-100,-100,-100,-100,-100,-100,-100,-83,-77,-84,-51,-100,-100,-100,-100,-100,-100,-100,-39,-38,-45,-35,-100,-100,-100,-88,-86,0
-100,-100,-100,-100,-100,-100,-100,-100,-100,-100,-100,-100,-81,-100,-100,-100,-100,-100,-100,-100,-100,-100,-100,-100,-100,-100,-100,-100,-100,-100,-83,-81,-77,-49,-100,-100,-100,-100,-100,-100,-100,-32,-32,-38,-35,-100,-100,-87,-88,-86,0
-100,-100,-100,-100,-100,-100,-100,-100,-90,-89,-100,-100,-79,-100,-100,-100,-100,-100,-100,-100,-100,-100,-100,-100,-100,-100,-100,-100,-100,-100,-79,-80,-84,-52,-100,-100,-100,-100,-100,-100,-100,-31,-33,-38,-40,-85,-100,-87,-85,-87,0
-100,-100,-100,-100,-100,-100,-100,-100,-90,-89,-100,-100,-83,-100,-100,-100,-100,-100,-100,-100,-100,-100,-100,-100,-100,-100,-100,-100,-100,-100,-79,-78,-80,-52,-100,-100,-100,-100,-100,-100,-100,-34,-32,-38,-36,-80,-100,-100,-85,-87,0
-100,-100,-87,-90,-100,-100,-100,-100,-83,-82,-100,-100,-83,-100,-100,-100,-100,-100,-100,-100,-100,-100,-100,-100,-100,-100,-100,-100,-100,-91,-81,-78,-83,-57,-100,-100,-89,-100,-100,-100,-100,-33,-33,-37,-34,-80,-100,-89,-87,-87,0
-100,-100,-87,-90,-100,-100,-100,-100,-83,-82,-100,-100,-100,-100,-100,-100,-100,-100,-100,-100,-100,-100,-100,-100,-100,-100,-100,-82,-100,-94,-69,-68,-65,-50,-100,-100,-89,-100,-100,-100,-100,-47,-47,-35,-34,-79,-100,-88,-87,-87,0
-100,-100,-100,-90,-100,-100,-100,-100,-100,-100,-100,-100,-100,-100,-100,-100,-100,-100,-100,-100,-100,-100,-100,-100,-100,-100,-100,-88,-100,-94,-65,-72,-73,-49,-100,-100,-89,-100,-100,-100,-100,-44,-44,-39,-100,-83,-100,-88,-85,-84,0
-100,-100,-100,-100,-100,-100,-100,-100,-100,-100,-100,-100,-100,-100,-100,-100,-100,-100,-100,-100,-100,-100,-100,-100,-100,-100,-100,-88,-100,-94,-64,-67,-65,-45,-100,-100,-100,-100,-100,-100,-100,-48,-47,-53,-54,-83,-100,-100,-85,-100,0
-100,-100,-100,-100,-100,-100,-100,-100,-100,-100,-100,-100,-100,-100,-100,-100,-100,-100,-100,-100,-100,-100,-100,-100,-100,-100,-100,-87,-100,-94,-69,-69,-68,-49,-100,-100,-100,-100,-100,-100,-100,-53,-54,-53,-54,-83,-87,-86,-85,-100,0
-100,-100,-100,-100,-100,-100,-100,-100,-100,-100,-100,-100,-100,-100,-100,-100,-100,-100,-100,-100,-100,-100,-100,-100,-100,-100,-100,-87,-100,-100,-69,-73,-72,-63,-100,-100,-100,-100,-100,-100,-100,-53,-54,-55,-58,-87,-79,-85,-85,-100,0
-100,-100,-91,-100,-100,-100,-100,-100,-100,-100,-100,-100,-88,-100,-100,-100,-100,-100,-100,-100,-100,-100,-100,-100,-100,-100,-100,-86,-100,-100,-67,-73,-72,-68,-100,-100,-92,-100,-100,-100,-100,-52,-54,-59,-58,-87,-79,-81,-100,-100,0
-100,-100,-91,-100,-100,-100,-100,-100,-100,-100,-100,-100,-88,-100,-100,-100,-100,-100,-100,-100,-100,-100,-100,-100,-100,-100,-100,-87,-100,-100,-63,-70,-69,-61,-100,-100,-92,-100,-100,-100,-100,-51,-51,-58,-59,-87,-77,-77,-100,-100,0
-100,-100,-91,-100,-100,-100,-100,-100,-100,-100,-100,-100,-88,-100,-100,-100,-100,-100,-100,-100,-100,-100,-100,-100,-100,-100,-100,-83,-83,-100,-63,-67,-67,-53,-100,-100,-92,-100,-100,-100,-100,-53,-53,-61,-59,-87,-76,-76,-100,-100,0
-100,-100,-91,-100,-100,-100,-100,-100,-100,-100,-100,-100,-88,-100,-100,-100,-100,-100,-100,-100,-100,-100,-100,-100,-100,-100,-100,-88,-83,-100,-59,-69,-67,-53,-100,-100,-92,-100,-100,-100,-100,-58,-57,-61,-59,-100,-79,-80,-100,-100,0
-100,-100,-100,-100,-100,-100,-100,-100,-100,-100,-100,-100,-100,-100,-100,-100,-100,-100,-100,-100,-100,-100,-100,-100,-100,-100,-100,-86,-82,-100,-60,-69,-71,-64,-100,-100,-91,-100,-100,-100,-100,-56,-56,-59,-59,-100,-79,-80,-100,-100,0
-100,-100,-100,-100,-100,-100,-100,-100,-100,-100,-100,-100,-100,-100,-100,-100,-100,-100,-100,-100,-100,-100,-100,-100,-100,-100,-100,-84,-82,-100,-58,-70,-73,-59,-100,-100,-91,-100,-100,-100,-100,-57,-57,-62,-100,-100,-77,-79,-100,-100,0
-100,-100,-100,-100,-100,-100,-100,-100,-100,-100,-100,-100,-100,-100,-100,-100,-100,-100,-100,-100,-100,-100,-100,-100,-100,-100,-100,-84,-82,-100,-54,-62,-71,-60,-100,-100,-91,-100,-100,-100,-100,-62,-63,-62,-100,-100,-80,-83,-100,-100,0
-100,-100,-100,-100,-100,-100,-100,-100,-100,-100,-100,-100,-100,-100,-100,-100,-100,-100,-100,-100,-100,-100,-100,-100,-100,-100,-100,-84,-85,-100,-58,-68,-72,-56,-100,-100,-91,-100,-100,-100,-100,-52,-52,-60,-53,-100,-80,-78,-100,-100,0
-100,-100,-100,-100,-100,-100,-100,-100,-89,-90,-100,-100,-100,-100,-100,-100,-100,-100,-91,-92,-100,-100,-85,-84,-100,-100,-100,-79,-78,-100,-52,-60,-57,-64,-100,-100,-82,-100,-100,-100,-100,-64,-64,-69,-100,-100,-71,-71,-100,-100,0
-100,-100,-100,-100,-100,-100,-100,-100,-89,-90,-100,-100,-100,-100,-100,-100,-100,-100,-91,-92,-100,-100,-85,-84,-100,-100,-100,-76,-81,-100,-55,-60,-61,-69,-100,-100,-82,-100,-100,-100,-100,-60,-60,-65,-60,-100,-71,-71,-100,-100,0
-100,-100,-100,-100,-100,-100,-100,-100,-100,-100,-100,-100,-100,-100,-100,-100,-100,-100,-93,-100,-100,-100,-100,-100,-100,-100,-100,-81,-81,-100,-57,-63,-63,-73,-100,-100,-87,-100,-100,-100,-100,-62,-63,-64,-60,-100,-75,-74,-100,-100,0
-100,-100,-100,-100,-100,-100,-100,-100,-100,-100,-100,-100,-100,-100,-100,-100,-100,-100,-100,-100,-100,-100,-100,-100,-100,-100,-100,-85,-77,-100,-61,-58,-57,-59,-100,-100,-100,-100,-100,-100,-100,-59,-59,-61,-58,-100,-74,-74,-100,-100,0
-100,-100,-100,-100,-100,-100,-100,-100,-100,-100,-100,-100,-100,-100,-100,-100,-100,-100,-100,-100,-100,-100,-100,-100,-100,-100,-100,-76,-83,-100,-59,-54,-54,-70,-100,-100,-85,-100,-100,-100,-100,-64,-63,-66,-66,-100,-71,-73,-100,-100,0
-100,-100,-100,-100,-100,-100,-100,-100,-100,-90,-100,-100,-100,-100,-100,-100,-100,-100,-100,-100,-100,-100,-100,-100,-100,-100,-100,-80,-79,-100,-57,-63,-63,-71,-100,-100,-89,-100,-100,-100,-100,-65,-63,-68,-68,-100,-80,-74,-100,-100,0
-100,-100,-100,-100,-100,-100,-100,-100,-89,-90,-100,-100,-100,-100,-100,-100,-100,-100,-100,-100,-100,-100,-100,-100,-100,-100,-100,-80,-80,-100,-59,-52,-53,-78,-100,-100,-85,-100,-100,-100,-100,-58,-55,-67,-69,-100,-74,-72,-100,-100,0
-100,-100,-100,-100,-100,-100,-100,-100,-100,-100,-100,-100,-100,-100,-100,-100,-100,-100,-100,-100,-90,-92,-100,-100,-100,-100,-100,-81,-82,-100,-60,-62,-62,-74,-100,-100,-100,-100,-100,-100,-100,-62,-60,-69,-65,-100,-76,-75,-100,-100,0
-100,-100,-88,-88,-100,-100,-100,-100,-90,-100,-100,-100,-100,-100,-100,-100,-100,-100,-100,-100,-100,-86,-100,-100,-100,-85,-100,-73,-75,-100,-58,-50,-50,-70,-100,-100,-86,-100,-100,-100,-100,-63,-63,-70,-68,-100,-68,-67,-100,-88,0
-100,-100,-100,-100,-100,-100,-100,-100,-100,-100,-100,-100,-100,-100,-100,-100,-100,-100,-100,-100,-100,-100,-100,-100,-100,-100,-100,-100,-100,-100,-100,-100,-100,-100,-100,-100,-100,-100,-100,-100,-100,-100,-100,-100,-100,-100,-100,-100,-100,-100,0
-73,-74,-61,-60,-80,-100,-100,-71,-63,-64,-72,-67,-100,-100,-78,-76,-78,-76,-92,-100,-70,-72,-65,-68,-62,-64,-100,-85,-74,-100,-58,-63,-58,-86,-100,-80,-53,-100,-100,-86,-100,-100,-100,-80,-82,-100,-73,-45,-100,-100,0
-100,-100,-100,-100,-100,-100,-100,-100,-87,-87,-100,-100,-100,-100,-100,-100,-100,-100,-92,-100,-100,-100,-100,-100,-100,-100,-100,-77,-74,-100,-58,-63,-58,-86,-100,-100,-81,-100,-100,-100,-100,-83,-83,-86,-87,-100,-74,-100,-100,-91,0
-100,-100,-86,-89,-100,-100,-100,-100,-87,-87,-100,-100,-100,-100,-100,-100,-100,-100,-92,-100,-89,-91,-100,-100,-100,-100,-100,-76,-71,-100,-56,-56,-57,-83,-100,-100,-81,-100,-100,-100,-100,-83,-83,-88,-86,-100,-70,-100,-100,-91,0
-100,-100,-86,-89,-100,-100,-100,-100,-87,-87,-100,-100,-86,-100,-100,-100,-100,-100,-92,-100,-90,-90,-83,-100,-82,-100,-100,-72,-72,-100,-59,-63,-58,-90,-100,-100,-84,-100,-100,-100,-100,-83,-83,-88,-86,-100,-70,-69,-100,-91,0
-100,-100,-86,-89,-100,-100,-100,-100,-87,-87,-100,-100,-86,-100,-100,-100,-100,-100,-100,-100,-90,-90,-83,-100,-82,-100,-100,-71,-71,-100,-58,-59,-58,-87,-100,-100,-86,-100,-100,-100,-100,-83,-83,-87,-87,-100,-74,-69,-90,-91,0
-100,-100,-86,-89,-100,-100,-100,-100,-100,-100,-100,-100,-86,-100,-100,-100,-100,-100,-100,-100,-90,-90,-82,-100,-82,-100,-100,-80,-71,-100,-56,-60,-58,-87,-100,-100,-86,-100,-100,-100,-100,-100,-100,-87,-87,-100,-68,-69,-90,-100,0
-100,-100,-86,-86,-100,-100,-100,-100,-100,-100,-100,-100,-86,-100,-100,-100,-100,-100,-100,-100,-86,-90,-82,-100,-82,-100,-100,-78,-68,-100,-51,-54,-55,-90,-100,-100,-86,-100,-100,-100,-100,-100,-100,-87,-87,-100,-71,-72,-90,-100,0
-100,-100,-86,-86,-100,-100,-100,-100,-81,-81,-100,-100,-86,-100,-100,-100,-100,-100,-86,-100,-86,-90,-79,-79,-79,-79,-100,-72,-69,-100,-51,-55,-55,-90,-100,-100,-86,-100,-100,-100,-100,-100,-100,-87,-87,-100,-70,-69,-90,-100,0
-100,-100,-85,-85,-100,-100,-100,-100,-81,-81,-100,-100,-86,-100,-100,-100,-100,-100,-86,-100,-86,-90,-79,-79,-79,-79,-100,-77,-69,-100,-48,-49,-50,-90,-100,-100,-86,-100,-100,-100,-100,-100,-100,-88,-87,-100,-68,-69,-100,-100,0
-100,-100,-83,-83,-100,-100,-100,-100,-85,-82,-100,-100,-86,-100,-100,-100,-100,-100,-86,-100,-86,-90,-79,-79,-84,-83,-100,-66,-71,-100,-50,-50,-52,-90,-100,-100,-86,-100,-100,-100,-100,-100,-100,-88,-87,-100,-66,-69,-100,-100,3
-100,-100,-83,-83,-100,-100,-100,-100,-82,-81,-100,-100,-91,-100,-100,-100,-100,-100,-100,-100,-100,-100,-100,-100,-84,-83,-100,-78,-66,-100,-47,-47,-48,-100,-100,-100,-82,-100,-100,-100,-100,-100,-100,-100,-100,-100,-66,-100,-100,-100,3
-100,-100,-83,-83,-100,-100,-92,-100,-82,-81,-100,-100,-91,-100,-100,-100,-100,-100,-100,-91,-88,-89,-100,-100,-84,-83,-100,-67,-67,-100,-45,-52,-48,-100,-100,-100,-82,-100,-100,-100,-100,-100,-100,-100,-100,-100,-63,-68,-100,-100,3
-100,-100,-84,-85,-100,-100,-92,-100,-84,-81,-100,-100,-91,-100,-100,-100,-100,-100,-100,-91,-86,-86,-75,-75,-76,-77,-100,-71,-63,-100,-41,-54,-55,-92,-100,-100,-82,-100,-100,-100,-100,-100,-100,-100,-100,-100,-65,-68,-100,-100,3
-100,-100,-84,-85,-100,-100,-92,-100,-84,-84,-100,-100,-91,-100,-100,-100,-100,-100,-100,-91,-89,-85,-77,-76,-76,-77,-100,-71,-61,-100,-42,-78,-80,-92,-100,-100,-82,-100,-100,-100,-100,-100,-100,-90,-89,-100,-63,-68,-100,-100,3
-100,-100,-87,-85,-100,-100,-92,-100,-78,-79,-100,-100,-100,-100,-100,-100,-100,-100,-100,-91,-81,-81,-73,-73,-73,-73,-100,-67,-53,-100,-43,-53,-54,-92,-100,-100,-100,-100,-100,-100,-100,-100,-100,-90,-89,-100,-61,-65,-100,-100,3
-100,-100,-87,-85,-100,-100,-100,-100,-78,-79,-100,-100,-100,-100,-100,-100,-100,-100,-100,-100,-81,-81,-73,-73,-73,-73,-100,-59,-51,-100,-38,-42,-46,-92,-100,-100,-100,-100,-100,-100,-100,-100,-100,-90,-89,-100,-62,-65,-100,-100,3
-100,-100,-83,-81,-83,-81,-100,-100,-74,-74,-100,-100,-100,-89,-80,-80,-100,-100,-100,-100,-73,-81,-69,-65,-65,-65,-100,-59,-55,-100,-35,-38,-38,-100,-100,-82,-100,-100,-100,-100,-100,-100,-100,-90,-89,-100,-59,-65,-100,-100,3
-86,-86,-78,-79,-83,-83,-80,-100,-73,-73,-100,-100,-100,-100,-76,-76,-76,-75,-75,-74,-64,-65,-56,-52,-52,-52,-100,-64,-66,-100,-42,-41,-42,-85,-100,-100,-71,-100,-100,-100,-92,-83,-83,-100,-83,-100,-58,-56,-100,-100,3
-72,-71,-67,-67,-73,-76,-71,-100,-67,-66,-76,-68,-100,-100,-68,-68,-65,-65,-71,-79,-72,-73,-65,-66,-66,-67,-100,-54,-63,-100,-41,-35,-35,-82,-100,-100,-73,-100,-100,-85,-100,-84,-82,-100,-100,-100,-56,-53,-100,-100,3
-100,-100,-100,-100,-100,-100,-100,-100,-100,-100,-100,-100,-100,-100,-100,-100,-100,-100,-100,-100,-92,-89,-100,-100,-100,-100,-100,-100,-100,-85,-100,-85,-90,-74,-100,-100,-100,-100,-100,-100,-100,-48,-47,-59,-57,-87,-85,-88,-87,-88,3
-100,-100,-100,-100,-100,-100,-100,-100,-100,-100,-100,-100,-80,-100,-100,-100,-100,-100,-100,-100,-92,-92,-100,-100,-100,-100,-86,-100,-100,-85,-100,-100,-90,-71,-100,-100,-100,-100,-100,-100,-100,-50,-50,-58,-57,-87,-100,-100,-87,-88,3
-100,-100,-100,-100,-100,-100,-100,-100,-100,-100,-100,-100,-80,-100,-100,-100,-100,-100,-100,-100,-100,-92,-100,-100,-100,-100,-86,-100,-100,-85,-100,-87,-100,-73,-100,-100,-100,-100,-100,-100,-100,-50,-52,-54,-53,-100,-100,-100,-91,-100,3
-100,-100,-100,-100,-100,-100,-100,-100,-100,-100,-100,-100,-100,-100,-100,-100,-100,-100,-100,-100,-100,-100,-100,-100,-100,-100,-100,-100,-100,-89,-100,-85,-85,-70,-100,-100,-100,-100,-100,-100,-100,-49,-49,-53,-53,-100,-100,-100,-91,-100,3
-100,-100,-100,-100,-100,-100,-100,-100,-100,-100,-100,-100,-87,-100,-100,-100,-100,-100,-100,-100,-89,-100,-100,-100,-100,-100,-100,-100,-100,-86,-100,-85,-85,-65,-100,-100,-100,-100,-100,-100,-100,-51,-50,-54,-100,-88,-100,-100,-88,-89,3
-100,-100,-100,-100,-100,-100,-100,-100,-100,-100,-100,-100,-87,-100,-100,-100,-100,-100,-100,-100,-89,-100,-100,-100,-100,-100,-100,-100,-100,-86,-100,-87,-86,-68,-100,-100,-100,-100,-100,-100,-100,-47,-47,-56,-45,-88,-100,-100,-89,-89,3
-100,-100,-100,-100,-100,-100,-100,-100,-100,-100,-100,-100,-100,-100,-100,-100,-100,-100,-100,-100,-100,-100,-100,-100,-100,-100,-88,-100,-100,-87,-100,-89,-85,-65,-100,-100,-100,-100,-100,-100,-100,-44,-45,-54,-60,-87,-100,-100,-89,-89,3
-100,-100,-100,-100,-100,-100,-100,-100,-100,-100,-100,-100,-100,-100,-100,-100,-100,-100,-100,-100,-100,-100,-100,-100,-100,-100,-88,-100,-100,-87,-100,-85,-85,-60,-100,-100,-100,-100,-100,-100,-100,-46,-46,-56,-60,-86,-100,-100,-88,-88,3
-100,-100,-100,-100,-100,-100,-100,-100,-100,-100,-100,-100,-80,-100,-100,-100,-100,-100,-100,-100,-100,-100,-100,-100,-100,-100,-100,-100,-100,-88,-100,-87,-89,-64,-100,-100,-100,-100,-100,-100,-100,-46,-45,-51,-54,-86,-100,-100,-88,-85,3
-100,-100,-100,-100,-100,-100,-100,-100,-100,-100,-100,-100,-100,-100,-100,-100,-100,-100,-100,-100,-100,-100,-100,-100,-100,-100,-100,-100,-100,-100,-100,-100,-100,-100,-100,-100,-100,-100,-100,-100,-100,-100,-100,-100,-100,-100,-100,-100,-100,-100,3
-100,-100,-100,-100,-100,-100,-100,-100,-100,-100,-100,-100,-80,-100,-100,-100,-100,-100,-100,-100,-100,-100,-100,-100,-100,-100,-100,-100,-100,-87,-100,-79,-79,-67,-100,-100,-100,-100,-100,-100,-100,-40,-40,-49,-41,-100,-100,-100,-87,-87,3
-100,-100,-100,-100,-100,-100,-100,-100,-100,-100,-100,-100,-80,-100,-100,-100,-100,-100,-100,-100,-100,-100,-100,-100,-100,-100,-100,-100,-100,-87,-100,-86,-79,-59,-100,-100,-100,-100,-100,-100,-100,-48,-48,-45,-45,-100,-100,-100,-87,-87,3
-100,-100,-100,-100,-100,-100,-100,-100,-100,-100,-100,-100,-81,-100,-100,-100,-100,-100,-100,-100,-100,-100,-100,-100,-100,-100,-100,-100,-100,-100,-83,-77,-76,-53,-100,-100,-100,-100,-100,-100,-100,-36,-37,-42,-39,-100,-100,-100,-88,-100,3
-100,-100,-100,-100,-100,-100,-100,-100,-100,-100,-100,-100,-81,-100,-100,-100,-100,-100,-100,-100,-100,-100,-100,-100,-100,-100,-100,-100,-100,-100,-83,-77,-84,-55,-100,-100,-100,-100,-100,-100,-100,-36,-37,-47,-39,-100,-100,-100,-88,-100,3
-100,-100,-100,-100,-100,-100,-100,-100,-90,-89,-100,-100,-100,-100,-100,-100,-100,-100,-100,-100,-100,-100,-100,-100,-100,-100,-100,-100,-100,-100,-83,-81,-77,-47,-100,-100,-100,-100,-100,-100,-100,-33,-33,-36,-41,-85,-100,-87,-88,-86,3
-100,-100,-100,-100,-100,-100,-100,-100,-90,-89,-100,-100,-100,-100,-100,-100,-100,-100,-100,-100,-100,-100,-100,-100,-100,-100,-100,-100,-100,-100,-83,-81,-79,-48,-100,-100,-100,-100,-100,-100,-100,-34,-34,-37,-40,-85,-100,-87,-88,-86,3
-100,-100,-87,-100,-100,-100,-100,-100,-100,-100,-100,-100,-83,-100,-100,-100,-100,-100,-100,-100,-100,-100,-100,-100,-100,-100,-100,-100,-100,-100,-79,-78,-78,-49,-100,-100,-100,-100,-100,-100,-100,-33,-32,-35,-34,-80,-100,-100,-85,-87,3
-100,-100,-87,-100,-100,-100,-100,-100,-83,-82,-100,-100,-83,-100,-100,-100,-100,-100,-100,-100,-100,-100,-100,-100,-100,-100,-100,-100,-100,-100,-79,-78,-86,-79,-100,-100,-100,-100,-100,-100,-100,-32,-31,-33,-34,-80,-100,-89,-87,-87,3
-100,-100,-100,-90,-100,-100,-100,-100,-83,-82,-100,-100,-100,-100,-100,-100,-100,-100,-100,-100,-100,-100,-100,-100,-100,-100,-100,-100,-100,-91,-81,-82,-82,-44,-100,-100,-89,-100,-100,-100,-100,-42,-41,-35,-100,-100,-100,-88,-87,-87,3
-100,-100,-100,-100,-100,-100,-100,-100,-100,-100,-100,-100,-100,-100,-100,-100,-100,-100,-100,-100,-100,-100,-100,-100,-100,-100,-100,-90,-100,-91,-76,-76,-79,-61,-100,-100,-100,-100,-100,-100,-100,-41,-43,-37,-37,-100,-87,-86,-100,-100,3
-100,-100,-100,-100,-100,-100,-100,-100,-100,-100,-100,-100,-100,-100,-100,-100,-100,-100,-100,-100,-100,-100,-100,-100,-100,-100,-100,-100,-100,-100,-77,-75,-80,-65,-100,-100,-100,-100,-100,-100,-100,-33,-33,-40,-37,-100,-89,-89,-100,-100,3
-100,-100,-100,-100,-100,-100,-100,-100,-100,-100,-100,-100,-100,-100,-100,-100,-100,-100,-100,-100,-100,-100,-100,-100,-100,-100,-100,-100,-100,-100,-78,-77,-81,-69,-100,-100,-100,-100,-100,-100,-100,-37,-40,-43,-38,-100,-89,-89,-100,-100,3
-100,-100,-100,-100,-100,-100,-100,-100,-100,-100,-100,-100,-87,-100,-100,-100,-100,-100,-100,-100,-100,-100,-100,-100,-100,-100,-100,-100,-100,-100,-76,-78,-77,-58,-100,-100,-100,-100,-100,-100,-100,-41,-42,-49,-44,-100,-89,-100,-100,-100,3
-100,-100,-100,-100,-100,-100,-100,-100,-100,-100,-100,-100,-87,-100,-100,-100,-100,-100,-100,-100,-100,-100,-100,-100,-100,-100,-100,-100,-100,-100,-80,-79,-80,-56,-100,-100,-100,-100,-100,-100,-100,-39,-39,-48,-46,-100,-88,-100,-100,-100,3
-100,-100,-100,-100,-100,-100,-100,-100,-100,-100,-100,-100,-87,-100,-100,-100,-100,-100,-100,-100,-100,-100,-100,-100,-100,-100,-100,-100,-100,-100,-81,-79,-80,-56,-100,-100,-100,-100,-100,-100,-100,-39,-38,-52,-46,-100,-88,-100,-100,-100,3
-100,-100,-100,-100,-100,-100,-100,-100,-100,-100,-100,-100,-87,-100,-100,-100,-100,-100,-100,-100,-100,-100,-100,-100,-100,-100,-100,-100,-100,-100,-81,-81,-80,-61,-100,-100,-100,-100,-100,-100,-100,-44,-45,-52,-50,-100,-88,-84,-100,-100,3
-100,-100,-100,-100,-100,-100,-100,-100,-100,-100,-100,-100,-88,-100,-100,-100,-100,-100,-100,-100,-100,-100,-100,-100,-100,-100,-100,-100,-100,-100,-82,-70,-71,-67,-100,-100,-100,-100,-100,-100,-100,-52,-51,-55,-50,-100,-84,-84,-100,-100,3
-100,-100,-100,-100,-100,-100,-100,-100,-100,-100,-100,-100,-88,-100,-100,-100,-100,-100,-100,-100,-100,-100,-100,-100,-100,-100,-100,-87,-100,-100,-82,-74,-77,-61,-100,-100,-100,-100,-100,-100,-100,-44,-45,-55,-100,-100,-84,-84,-100,-100,3
-100,-100,-100,-100,-100,-100,-100,-100,-100,-100,-100,-100,-100,-100,-100,-100,-100,-100,-100,-100,-100,-100,-100,-100,-100,-100,-100,-87,-85,-100,-82,-74,-73,-70,-100,-100,-100,-100,-100,-100,-100,-44,-44,-58,-53,-100,-84,-84,-100,-100,3
-100,-100,-100,-100,-100,-100,-100,-100,-100,-100,-100,-100,-100,-100,-100,-100,-100,-100,-100,-100,-100,-100,-100,-100,-100,-100,-100,-87,-85,-100,-78,-72,-73,-60,-100,-100,-100,-100,-100,-100,-100,-44,-45,-55,-53,-100,-88,-86,-100,-100,3
-100,-100,-100,-100,-100,-100,-100,-100,-100,-100,-100,-100,-100,-100,-100,-100,-100,-100,-100,-100,-100,-100,-100,-100,-100,-100,-100,-87,-85,-100,-74,-72,-80,-52,-100,-100,-100,-100,-100,-100,-100,-47,-46,-56,-53,-100,-84,-82,-100,-100,3
-100,-100,-100,-100,-100,-100,-100,-100,-89,-90,-100,-100,-100,-100,-100,-100,-100,-100,-91,-92,-100,-100,-100,-100,-100,-100,-100,-79,-82,-100,-59,-60,-64,-68,-100,-100,-82,-100,-100,-100,-100,-67,-67,-66,-73,-100,-76,-76,-100,-100,3
-100,-100,-88,-89,-100,-100,-100,-100,-100,-100,-100,-100,-100,-100,-100,-100,-100,-100,-100,-100,-100,-100,-100,-100,-100,-100,-100,-80,-84,-100,-60,-58,-55,-66,-100,-100,-88,-100,-100,-100,-100,-56,-56,-60,-63,-100,-68,-69,-100,-100,3
-100,-100,-100,-100,-100,-100,-100,-100,-100,-100,-100,-100,-100,-100,-100,-100,-100,-100,-93,-100,-100,-100,-100,-100,-100,-100,-100,-76,-81,-100,-63,-59,-60,-74,-100,-100,-87,-100,-100,-100,-100,-66,-66,-65,-71,-100,-78,-78,-100,-100,3
-100,-100,-100,-90,-100,-100,-100,-100,-100,-100,-100,-100,-100,-100,-100,-100,-100,-100,-100,-100,-100,-100,-100,-100,-100,-100,-100,-81,-77,-100,-59,-59,-58,-68,-100,-100,-100,-100,-100,-100,-100,-59,-59,-67,-62,-100,-70,-71,-100,-100,3
-100,-100,-100,-100,-100,-100,-100,-100,-100,-100,-100,-100,-100,-100,-100,-100,-100,-100,-100,-100,-100,-100,-100,-100,-100,-100,-100,-82,-83,-100,-60,-59,-58,-75,-100,-100,-85,-100,-100,-100,-100,-68,-67,-70,-69,-100,-67,-69,-100,-100,3
-100,-100,-100,-100,-100,-100,-100,-100,-100,-100,-100,-100,-100,-100,-100,-100,-100,-100,-100,-100,-100,-100,-100,-100,-100,-100,-100,-80,-83,-100,-59,-56,-57,-74,-100,-100,-89,-100,-100,-100,-100,-56,-55,-64,-64,-100,-80,-74,-100,-100,3
-100,-100,-100,-100,-100,-100,-100,-100,-89,-90,-100,-100,-100,-100,-100,-100,-100,-100,-100,-100,-100,-100,-100,-100,-100,-100,-100,-77,-80,-100,-61,-55,-54,-74,-100,-100,-85,-100,-100,-100,-100,-65,-62,-68,-70,-100,-70,-69,-100,-100,3
-100,-100,-100,-100,-100,-100,-100,-100,-100,-100,-100,-100,-100,-100,-100,-100,-100,-100,-100,-100,-90,-92,-100,-100,-100,-100,-100,-81,-78,-100,-58,-59,-59,-74,-100,-100,-100,-100,-100,-100,-100,-64,-60,-65,-65,-100,-75,-75,-100,-100,3
-100,-100,-88,-88,-100,-100,-100,-100,-90,-100,-100,-100,-100,-100,-100,-100,-100,-100,-100,-100,-100,-86,-100,-100,-100,-85,-100,-80,-75,-100,-57,-62,-62,-72,-100,-100,-87,-100,-100,-100,-100,-60,-63,-72,-73,-100,-73,-72,-100,-88,3
-100,-100,-90,-89,-100,-100,-100,-100,-100,-100,-100,-100,-91,-100,-100,-100,-100,-100,-87,-100,-100,-100,-100,-100,-100,-100,-100,-74,-80,-100,-61,-56,-59,-82,-100,-100,-84,-100,-100,-100,-100,-73,-73,-79,-79,-100,-74,-73,-100,-100,1
-100,-100,-90,-89,-100,-100,-100,-100,-100,-100,-100,-100,-91,-100,-100,-100,-100,-100,-100,-90,-100,-100,-100,-100,-100,-100,-100,-74,-83,-100,-61,-57,-63,-83,-100,-100,-84,-100,-100,-100,-100,-73,-74,-82,-79,-100,-71,-100,-91,-100,1
-100,-100,-90,-89,-100,-100,-100,-100,-100,-100,-100,-100,-87,-100,-100,-100,-100,-100,-100,-90,-100,-100,-100,-100,-100,-100,-100,-81,-80,-100,-60,-57,-57,-85,-100,-100,-84,-100,-100,-100,-100,-74,-74,-82,-78,-100,-72,-67,-91,-100,1
-100,-100,-100,-100,-100,-100,-100,-100,-84,-84,-100,-100,-86,-100,-100,-100,-100,-100,-91,-90,-100,-100,-100,-100,-100,-100,-100,-74,-80,-100,-61,-55,-57,-82,-100,-100,-83,-100,-100,-100,-100,-72,-71,-81,-81,-100,-72,-67,-91,-100,1
-100,-100,-80,-79,-100,-100,-100,-100,-84,-84,-100,-100,-85,-100,-100,-100,-100,-100,-91,-90,-100,-100,-100,-100,-100,-100,-100,-78,-81,-100,-61,-60,-58,-83,-100,-100,-83,-100,-100,-100,-100,-73,-75,-78,-82,-100,-67,-67,-91,-100,1
-100,-100,-80,-79,-100,-100,-100,-100,-84,-84,-100,-100,-85,-100,-100,-100,-100,-100,-91,-91,-90,-90,-100,-100,-100,-100,-100,-79,-79,-100,-57,-60,-62,-81,-100,-100,-87,-100,-100,-100,-100,-76,-73,-76,-81,-100,-72,-67,-100,-100,1
-100,-100,-80,-79,-100,-100,-100,-100,-84,-84,-100,-100,-87,-100,-100,-100,-100,-100,-91,-92,-90,-90,-100,-100,-100,-100,-100,-79,-79,-100,-58,-56,-57,-82,-100,-100,-82,-100,-100,-100,-100,-74,-73,-79,-78,-100,-69,-100,-100,-100,1
-100,-100,-80,-79,-100,-100,-100,-100,-88,-84,-100,-100,-87,-100,-100,-100,-100,-100,-100,-92,-90,-90,-100,-100,-100,-100,-100,-82,-80,-100,-57,-56,-56,-82,-100,-100,-82,-100,-100,-100,-100,-78,-77,-82,-83,-100,-68,-100,-100,-100,1
-100,-100,-82,-79,-100,-100,-100,-100,-88,-84,-100,-100,-100,-100,-100,-100,-100,-100,-100,-93,-90,-90,-100,-100,-100,-100,-100,-77,-80,-100,-59,-60,-61,-86,-100,-100,-82,-100,-100,-100,-100,-78,-76,-82,-78,-100,-65,-65,-100,-100,1
-100,-100,-82,-79,-100,-100,-100,-100,-85,-84,-100,-100,-100,-100,-100,-100,-100,-100,-100,-93,-86,-89,-100,-100,-100,-100,-100,-81,-79,-100,-59,-60,-57,-87,-100,-100,-77,-100,-100,-100,-100,-77,-78,-85,-86,-100,-62,-65,-100,-100,1
-100,-100,-82,-79,-100,-100,-100,-100,-83,-83,-100,-100,-100,-100,-100,-100,-100,-100,-100,-100,-86,-89,-100,-100,-100,-100,-100,-77,-78,-100,-58,-53,-55,-86,-100,-100,-77,-100,-100,-100,-100,-81,-79,-81,-80,-100,-62,-65,-100,-100,1
-100,-100,-79,-79,-100,-100,-100,-100,-81,-81,-100,-100,-100,-100,-100,-100,-100,-100,-90,-100,-87,-88,-100,-100,-100,-100,-100,-73,-78,-100,-57,-54,-58,-87,-100,-100,-80,-100,-100,-100,-100,-81,-81,-84,-84,-100,-61,-65,-100,-100,1
-100,-100,-79,-78,-100,-100,-100,-100,-80,-80,-100,-100,-100,-100,-100,-100,-100,-100,-90,-100,-85,-84,-100,-100,-100,-100,-100,-69,-74,-100,-57,-54,-55,-87,-100,-100,-73,-100,-100,-100,-100,-79,-78,-84,-84,-100,-61,-61,-100,-100,1
-100,-100,-84,-83,-100,-100,-100,-100,-80,-80,-100,-100,-100,-100,-100,-100,-100,-100,-90,-83,-86,-86,-100,-100,-100,-100,-100,-71,-70,-100,-54,-54,-55,-87,-100,-100,-77,-100,-100,-100,-100,-83,-82,-81,-82,-100,-62,-61,-100,-100,1
-100,-100,-84,-83,-100,-100,-100,-100,-81,-81,-100,-83,-100,-100,-100,-100,-100,-83,-90,-83,-86,-86,-76,-71,-74,-74,-100,-70,-70,-100,-53,-52,-51,-87,-100,-100,-74,-100,-100,-100,-100,-83,-83,-83,-88,-100,-61,-61,-100,-100,1
-100,-100,-81,-81,-83,-81,-100,-100,-81,-81,-100,-83,-100,-89,-80,-80,-100,-83,-87,-83,-86,-86,-76,-71,-74,-74,-100,-70,-70,-100,-48,-50,-51,-91,-100,-82,-74,-100,-100,-100,-100,-80,-80,-89,-86,-100,-61,-61,-100,-100,1
-100,-100,-81,-81,-83,-81,-100,-100,-76,-76,-100,-83,-100,-89,-80,-80,-100,-83,-83,-83,-79,-81,-76,-71,-74,-74,-100,-61,-70,-100,-55,-46,-52,-100,-100,-82,-73,-100,-100,-100,-100,-82,-82,-89,-86,-100,-60,-61,-100,-100,1
-100,-100,-81,-81,-83,-81,-100,-100,-74,-74,-100,-83,-100,-89,-80,-80,-100,-83,-79,-80,-75,-81,-76,-71,-74,-74,-100,-57,-58,-100,-43,-42,-52,-100,-100,-82,-71,-100,-100,-100,-100,-86,-100,-89,-86,-100,-57,-65,-100,-100,1
-81,-100,-76,-76,-100,-100,-80,-100,-69,-69,-74,-72,-100,-100,-72,-72,-72,-72,-100,-100,-67,-67,-50,-51,-51,-51,-100,-57,-64,-100,-44,-37,-43,-89,-100,-100,-71,-100,-100,-100,-92,-81,-83,-100,-83,-100,-56,-55,-100,-100,1
-72,-71,-69,-69,-77,-76,-71,-100,-66,-66,-76,-68,-100,-76,-70,-70,-65,-65,-74,-74,-78,-80,-66,-66,-66,-67,-100,-59,-58,-100,-41,-36,-41,-100,-100,-100,-67,-100,-100,-82,-82,-84,-82,-100,-100,-100,-52,-49,-100,-100,1
-100,-100,-94,-91,-100,-100,-100,-100,-100,-100,-100,-100,-100,-100,-100,-100,-100,-100,-100,-100,-100,-100,-100,-100,-100,-100,-100,-85,-83,-100,-60,-62,-62,-61,-100,-100,-88,-100,-100,-100,-100,-58,-57,-65,-62,-100,-72,-77,-100,-100,1
-100,-100,-100,-100,-100,-100,-100,-100,-100,-100,-100,-100,-100,-100,-100,-100,-100,-100,-93,-100,-100,-100,-100,-100,-100,-100,-100,-76,-100,-100,-66,-62,-64,-74,-100,-100,-87,-100,-100,-100,-100,-73,-70,-72,-75,-100,-79,-79,-100,-100,1
-100,-100,-100,-90,-100,-100,-100,-100,-100,-100,-100,-100,-100,-100,-100,-100,-100,-100,-100,-100,-100,-100,-100,-100,-100,-100,-100,-79,-81,-100,-58,-59,-58,-66,-100,-100,-100,-100,-100,-100,-100,-55,-54,-63,-59,-100,-72,-72,-100,-100,1
-100,-100,-100,-100,-100,-100,-100,-100,-100,-100,-100,-100,-100,-100,-100,-100,-100,-100,-100,-100,-100,-100,-100,-100,-100,-100,-100,-82,-83,-100,-63,-59,-57,-71,-100,-100,-85,-100,-100,-100,-100,-70,-69,-74,-74,-100,-69,-69,-100,-100,1
-100,-100,-100,-100,-100,-100,-100,-100,-100,-100,-100,-100,-100,-100,-100,-100,-100,-100,-100,-100,-100,-100,-100,-100,-100,-100,-100,-84,-80,-100,-61,-63,-65,-70,-100,-100,-88,-100,-100,-100,-100,-56,-53,-65,-62,-100,-72,-74,-100,-100,1
-100,-100,-100,-100,-100,-100,-100,-100,-100,-100,-100,-100,-100,-100,-100,-100,-100,-100,-100,-100,-100,-100,-100,-100,-100,-100,-100,-77,-80,-100,-63,-61,-61,-74,-100,-100,-85,-100,-100,-100,-100,-69,-69,-74,-74,-100,-69,-69,-100,-100,1
-100,-100,-100,-100,-100,-100,-100,-100,-100,-100,-100,-100,-100,-100,-100,-100,-100,-100,-100,-100,-90,-100,-100,-100,-100,-100,-100,-84,-78,-100,-63,-58,-59,-72,-100,-100,-87,-100,-100,-100,-100,-64,-63,-64,-66,-100,-76,-75,-100,-100,1
-100,-100,-88,-88,-100,-100,-100,-100,-90,-100,-100,-100,-100,-100,-100,-100,-100,-100,-100,-100,-100,-86,-100,-100,-100,-85,-100,-81,-75,-100,-64,-70,-69,-76,-100,-100,-87,-100,-100,-100,-100,-61,-62,-72,-76,-100,-70,-68,-100,-88,1
-81,-100,-78,-79,-100,-100,-80,-100,-69,-71,-74,-72,-100,-79,-71,-70,-71,-70,-100,-100,-64,-66,-46,-46,-47,-47,-100,-54,-60,-100,-39,-39,-39,-89,-100,-100,-62,-100,-100,-100,-100,-83,-84,-100,-100,-100,-50,-51,-100,-100,1
-73,-73,-67,-67,-77,-76,-71,-100,-64,-64,-73,-72,-100,-75,-64,-64,-69,-69,-74,-74,-78,-80,-66,-66,-66,-67,-100,-51,-58,-100,-47,-43,-43,-100,-100,-100,-67,-100,-100,-82,-84,-84,-82,-100,-100,-100,-50,-49,-100,-100,1
-100,-100,-94,-91,-100,-100,-100,-100,-100,-100,-100,-100,-100,-100,-100,-100,-100,-100,-100,-100,-100,-100,-100,-100,-100,-100,-100,-85,-84,-100,-61,-60,-62,-62,-100,-100,-88,-100,-100,-100,-100,-66,-64,-73,-62,-100,-77,-77,-100,-100,1
-100,-100,-100,-100,-100,-100,-100,-100,-100,-100,-100,-100,-100,-100,-100,-100,-100,-100,-93,-100,-100,-100,-100,-100,-100,-100,-100,-76,-100,-100,-68,-66,-68,-75,-100,-100,-87,-100,-100,-100,-100,-73,-74,-76,-75,-100,-79,-79,-100,-100,1
-100,-100,-100,-90,-100,-100,-100,-100,-100,-100,-100,-100,-100,-100,-100,-100,-100,-100,-100,-100,-100,-100,-100,-100,-100,-100,-100,-73,-80,-100,-60,-57,-58,-60,-100,-100,-100,-100,-100,-100,-100,-62,-61,-65,-65,-100,-72,-72,-100,-100,1
-100,-100,-100,-100,-100,-100,-100,-100,-100,-100,-100,-100,-100,-100,-100,-100,-100,-100,-100,-100,-100,-100,-100,-100,-100,-100,-100,-86,-85,-100,-65,-60,-60,-70,-100,-100,-88,-100,-100,-100,-100,-65,-65,-70,-71,-100,-69,-69,-100,-100,1
-100,-100,-100,-100,-100,-100,-100,-100,-100,-100,-100,-100,-100,-100,-100,-100,-100,-100,-100,-100,-100,-100,-100,-100,-100,-100,-100,-84,-81,-100,-65,-56,-56,-70,-100,-100,-88,-100,-100,-100,-100,-57,-57,-68,-69,-100,-69,-69,-100,-100,1
-100,-100,-100,-100,-100,-100,-100,-100,-100,-100,-100,-100,-100,-100,-100,-100,-100,-100,-100,-100,-100,-100,-100,-100,-100,-100,-100,-79,-100,-100,-66,-67,-69,-80,-100,-100,-85,-100,-100,-100,-100,-73,-73,-72,-76,-100,-71,-71,-100,-100,1
-100,-100,-100,-100,-100,-100,-100,-100,-100,-100,-100,-100,-100,-100,-100,-100,-100,-100,-100,-100,-100,-100,-100,-100,-100,-100,-100,-84,-77,-100,-65,-65,-65,-72,-100,-100,-87,-100,-100,-100,-100,-64,-64,-72,-70,-100,-73,-73,-100,-100,2
-100,-100,-88,-88,-100,-100,-100,-100,-100,-100,-100,-100,-100,-100,-100,-100,-100,-100,-100,-100,-100,-100,-100,-100,-100,-100,-100,-78,-100,-100,-64,-70,-68,-79,-100,-100,-89,-100,-100,-100,-100,-62,-63,-70,-72,-100,-70,-68,-100,-100,2
-81,-100,-73,-73,-100,-100,-80,-100,-74,-74,-74,-72,-100,-79,-69,-69,-69,-69,-76,-100,-64,-65,-46,-46,-46,-46,-100,-53,-52,-100,-40,-41,-40,-100,-100,-100,-62,-100,-100,-100,-100,-100,-100,-100,-100,-100,-54,-55,-100,-100,2
-73,-73,-71,-71,-77,-81,-71,-100,-63,-63,-73,-72,-100,-75,-76,-76,-77,-77,-71,-74,-70,-70,-66,-66,-66,-71,-100,-49,-54,-100,-50,-43,-45,-100,-100,-100,-60,-100,-100,-82,-84,-84,-82,-100,-100,-100,-49,-49,-100,-100,2
-100,-100,-94,-91,-100,-100,-100,-100,-100,-100,-100,-100,-100,-100,-100,-100,-100,-100,-100,-100,-100,-100,-100,-100,-100,-100,-100,-84,-84,-100,-65,-63,-62,-70,-100,-100,-88,-100,-100,-100,-100,-67,-66,-75,-75,-100,-73,-74,-100,-100,2
-100,-100,-94,-91,-100,-100,-100,-100,-100,-100,-100,-100,-100,-100,-100,-100,-100,-100,-100,-100,-100,-100,-100,-100,-100,-100,-100,-84,-100,-100,-63,-67,-68,-76,-100,-100,-100,-100,-100,-100,-100,-71,-70,-70,-75,-100,-79,-79,-100,-100,2
-100,-100,-100,-100,-100,-100,-100,-100,-100,-100,-100,-100,-100,-100,-100,-100,-100,-100,-100,-100,-100,-100,-100,-100,-100,-100,-100,-79,-100,-100,-74,-67,-69,-78,-100,-100,-85,-100,-100,-100,-100,-77,-80,-80,-78,-100,-71,-71,-100,-100,2
-100,-100,-100,-100,-100,-100,-100,-100,-100,-100,-100,-100,-100,-100,-100,-100,-100,-100,-100,-100,-100,-100,-100,-100,-100,-100,-100,-83,-100,-100,-67,-65,-65,-68,-100,-100,-87,-100,-100,-100,-100,-68,-68,-74,-71,-100,-73,-69,-100,-100,2
-100,-100,-100,-100,-100,-100,-100,-100,-100,-100,-100,-100,-100,-100,-100,-100,-100,-100,-100,-100,-100,-100,-100,-100,-100,-100,-100,-78,-100,-100,-65,-68,-68,-77,-100,-100,-89,-100,-100,-100,-100,-70,-70,-74,-75,-100,-70,-72,-100,-100,2
-81,-100,-70,-70,-100,-100,-100,-100,-74,-74,-74,-72,-100,-79,-68,-68,-68,-69,-76,-78,-72,-76,-46,-46,-46,-46,-100,-53,-51,-100,-39,-39,-43,-100,-100,-100,-62,-100,-100,-100,-100,-100,-100,-100,-100,-100,-51,-52,-100,-100,2
-79,-78,-67,-67,-77,-81,-100,-100,-63,-63,-71,-70,-100,-75,-67,-67,-70,-69,-67,-74,-71,-70,-69,-69,-69,-70,-100,-48,-55,-100,-49,-49,-49,-100,-100,-100,-59,-100,-100,-82,-88,-100,-100,-100,-100,-100,-43,-42,-100,-100,2
-100,-100,-100,-100,-100,-100,-100,-100,-100,-100,-100,-100,-100,-100,-100,-100,-100,-100,-100,-100,-100,-100,-100,-100,-100,-100,-100,-82,-100,-100,-74,-72,-71,-74,-100,-100,-85,-100,-100,-100,-100,-77,-77,-75,-78,-100,-72,-71,-100,-100,2
-100,-100,-100,-100,-100,-100,-100,-100,-100,-100,-100,-100,-100,-100,-100,-100,-100,-100,-100,-100,-100,-100,-100,-100,-100,-100,-100,-83,-100,-100,-73,-68,-66,-68,-100,-100,-87,-100,-100,-100,-100,-69,-69,-71,-69,-100,-71,-69,-100,-100,2
-100,-100,-100,-100,-100,-100,-100,-100,-100,-100,-100,-100,-100,-100,-100,-100,-100,-100,-100,-100,-100,-100,-100,-100,-100,-100,-100,-100,-100,-100,-100,-100,-100,-100,-100,-100,-100,-100,-100,-100,-100,-100,-100,-100,-100,-100,-100,-100,-100,-100,2
-74,-72,-78,-79,-100,-100,-100,-100,-75,-74,-65,-75,-100,-79,-74,-75,-74,-73,-76,-78,-68,-68,-46,-46,-46,-46,-100,-60,-51,-100,-39,-47,-52,-100,-100,-100,-66,-100,-100,-100,-100,-100,-100,-100,-100,-100,-52,-53,-100,-100,2
-78,-82,-65,-65,-100,-81,-100,-100,-64,-65,-75,-74,-100,-75,-71,-71,-71,-67,-76,-79,-67,-67,-66,-66,-66,-66,-100,-44,-57,-100,-53,-50,-53,-100,-100,-100,-61,-100,-100,-81,-80,-100,-100,-100,-100,-100,-43,-43,-100,-100,2
-74,-72,-73,-73,-100,-100,-100,-100,-75,-74,-65,-71,-100,-100,-76,-75,-74,-73,-76,-78,-68,-67,-47,-47,-47,-47,-100,-48,-55,-100,-42,-44,-46,-100,-100,-100,-66,-100,-100,-90,-87,-100,-100,-100,-100,-100,-51,-54,-100,-100,2
-74,-82,-67,-67,-100,-81,-100,-77,-68,-68,-75,-74,-100,-100,-67,-67,-67,-67,-76,-79,-69,-71,-68,-68,-68,-68,-100,-54,-57,-100,-54,-49,-51,-100,-100,-100,-61,-86,-100,-81,-84,-100,-100,-100,-100,-100,-45,-44,-100,-100,2
-74,-72,-73,-73,-100,-100,-100,-100,-75,-74,-65,-66,-100,-100,-73,-74,-75,-73,-78,-78,-73,-73,-48,-48,-48,-48,-100,-48,-50,-100,-44,-48,-53,-100,-100,-100,-65,-100,-100,-90,-87,-100,-100,-100,-100,-100,-45,-46,-100,-100,2
-72,-73,-67,-67,-100,-100,-100,-77,-62,-62,-73,-73,-100,-73,-65,-65,-65,-65,-78,-79,-69,-70,-70,-70,-70,-70,-100,-53,-54,-100,-54,-52,-52,-100,-100,-100,-61,-86,-86,-81,-84,-100,-100,-100,-100,-100,-41,-41,-100,-100,2
-74,-72,-71,-72,-100,-100,-100,-100,-66,-66,-65,-66,-100,-100,-75,-76,-76,-76,-81,-82,-69,-69,-50,-50,-50,-51,-100,-48,-49,-100,-42,-49,-49,-100,-100,-100,-65,-100,-100,-90,-87,-100,-100,-100,-100,-100,-46,-46,-100,-100,2
-72,-69,-65,-65,-76,-100,-100,-77,-64,-64,-73,-73,-100,-71,-62,-62,-62,-62,-74,-74,-69,-70,-68,-68,-68,-68,-100,-56,-61,-100,-57,-56,-56,-100,-100,-100,-61,-86,-86,-87,-84,-100,-100,-100,-100,-100,-39,-38,-100,-100,2
-66,-64,-75,-75,-84,-83,-100,-100,-67,-67,-100,-70,-100,-100,-73,-73,-73,-73,-81,-84,-63,-63,-50,-50,-50,-51,-100,-46,-56,-100,-47,-43,-45,-100,-100,-100,-64,-100,-100,-90,-87,-100,-100,-100,-100,-100,-43,-45,-100,-100,2
-72,-69,-65,-65,-72,-100,-100,-77,-58,-58,-74,-73,-100,-69,-60,-60,-61,-62,-71,-76,-73,-70,-69,-69,-69,-69,-100,-52,-60,-100,-58,-56,-56,-100,-100,-100,-62,-86,-86,-87,-87,-100,-100,-100,-100,-100,-39,-37,-100,-100,2
-75,-76,-76,-76,-84,-83,-100,-100,-62,-62,-100,-70,-100,-100,-69,-69,-69,-69,-76,-76,-66,-69,-54,-54,-54,-55,-100,-49,-52,-100,-49,-46,-44,-100,-100,-100,-69,-100,-100,-89,-100,-100,-100,-100,-100,-100,-40,-39,-100,-100,2
-68,-66,-62,-63,-72,-100,-100,-100,-62,-62,-63,-58,-100,-78,-64,-65,-65,-65,-73,-74,-70,-70,-67,-67,-67,-67,-100,-52,-64,-100,-59,-57,-57,-100,-100,-100,-57,-86,-85,-87,-87,-100,-100,-100,-100,-100,-52,-40,-100,-100,2
-75,-76,-74,-73,-84,-83,-79,-100,-64,-64,-100,-70,-100,-100,-70,-70,-70,-70,-76,-76,-70,-70,-51,-51,-51,-51,-100,-53,-53,-100,-45,-45,-43,-100,-100,-100,-61,-100,-100,-86,-88,-100,-100,-100,-100,-100,-44,-42,-100,-100,2
-68,-67,-64,-64,-72,-72,-100,-100,-60,-60,-63,-66,-100,-77,-61,-61,-64,-64,-73,-74,-70,-70,-69,-69,-67,-68,-100,-52,-60,-100,-59,-55,-57,-100,-100,-100,-57,-86,-85,-81,-79,-100,-100,-100,-100,-100,-40,-37,-100,-100,2
-75,-76,-70,-73,-84,-83,-79,-100,-63,-63,-100,-70,-100,-100,-73,-73,-73,-74,-74,-73,-73,-73,-56,-56,-56,-56,-100,-49,-55,-100,-49,-50,-50,-100,-100,-100,-61,-100,-100,-86,-88,-100,-100,-100,-100,-100,-42,-41,-100,-100,2
-72,-70,-68,-68,-71,-70,-100,-100,-64,-60,-61,-62,-100,-77,-57,-56,-56,-58,-73,-74,-70,-76,-67,-68,-67,-67,-100,-52,-60,-100,-60,-57,-57,-100,-100,-100,-58,-86,-85,-81,-79,-100,-100,-100,-100,-100,-36,-34,-100,-100,2
-71,-76,-74,-74,-83,-80,-79,-100,-63,-64,-100,-70,-100,-82,-70,-70,-70,-70,-79,-100,-69,-69,-57,-57,-57,-57,-100,-55,-57,-100,-49,-49,-49,-100,-100,-100,-65,-100,-100,-86,-88,-100,-100,-100,-100,-100,-44,-43,-100,-100,2
-68,-60,-67,-66,-71,-70,-100,-100,-64,-64,-63,-64,-100,-77,-57,-57,-57,-58,-73,-74,-70,-76,-70,-72,-70,-70,-100,-54,-62,-100,-62,-60,-57,-100,-100,-75,-56,-86,-85,-79,-80,-100,-100,-100,-100,-100,-36,-34,-100,-100,2
-78,-77,-73,-73,-83,-80,-79,-100,-65,-65,-100,-74,-100,-82,-72,-72,-72,-73,-79,-82,-69,-71,-57,-57,-57,-57,-100,-62,-61,-100,-50,-47,-47,-100,-100,-100,-62,-100,-100,-86,-88,-100,-100,-100,-100,-100,-35,-39,-100,-100,2
-69,-68,-63,-62,-73,-74,-100,-100,-63,-63,-64,-64,-100,-74,-63,-59,-59,-59,-84,-77,-100,-76,-68,-68,-68,-68,-100,-54,-66,-100,-60,-63,-59,-100,-100,-78,-48,-86,-100,-77,-75,-100,-100,-100,-100,-100,-33,-32,-100,-100,2
-78,-77,-71,-71,-100,-100,-73,-75,-64,-64,-100,-74,-100,-82,-72,-71,-71,-73,-79,-82,-72,-67,-55,-55,-55,-56,-100,-65,-58,-100,-48,-50,-50,-100,-100,-100,-55,-100,-100,-85,-85,-100,-100,-100,-100,-100,-36,-50,-100,-100,2
-69,-68,-64,-64,-74,-74,-71,-67,-58,-57,-67,-65,-100,-74,-63,-64,-65,-63,-75,-71,-100,-76,-71,-71,-71,-71,-100,-57,-62,-100,-63,-63,-65,-100,-100,-78,-48,-85,-85,-77,-75,-100,-100,-100,-100,-100,-30,-31,-100,-100,2
-100,-74,-68,-67,-76,-75,-73,-75,-64,-64,-63,-64,-100,-82,-76,-72,-72,-76,-100,-82,-68,-73,-56,-56,-56,-56,-100,-56,-59,-100,-49,-55,-56,-100,-100,-100,-50,-100,-100,-83,-83,-100,-100,-100,-100,-100,-52,-30,-100,-100,2
-71,-70,-62,-63,-70,-72,-71,-69,-55,-55,-59,-63,-100,-78,-61,-61,-61,-61,-75,-71,-75,-76,-69,-69,-69,-69,-100,-69,-66,-100,-64,-59,-63,-100,-100,-78,-48,-81,-81,-83,-81,-100,-100,-100,-100,-100,-26,-27,-100,-100,2
-77,-76,-68,-67,-76,-75,-73,-75,-59,-59,-63,-64,-100,-80,-76,-76,-76,-76,-76,-82,-72,-73,-56,-56,-56,-56,-100,-64,-62,-100,-47,-55,-52,-100,-100,-100,-51,-100,-100,-83,-83,-100,-100,-100,-100,-100,-36,-36,-100,-100,2
-73,-70,-62,-63,-70,-72,-71,-69,-67,-63,-55,-62,-100,-70,-59,-59,-60,-59,-75,-71,-75,-76,-69,-69,-69,-69,-100,-58,-73,-100,-64,-60,-63,-100,-100,-78,-54,-82,-82,-83,-81,-100,-100,-100,-100,-100,-31,-30,-100,-100,2
-77,-76,-65,-66,-76,-75,-73,-75,-66,-66,-63,-64,-100,-80,-76,-76,-77,-77,-76,-100,-69,-73,-52,-52,-52,-52,-100,-60,-62,-100,-53,-59,-56,-100,-100,-100,-51,-100,-100,-83,-79,-100,-100,-100,-100,-100,-34,-34,-100,-100,2
-73,-72,-65,-66,-70,-72,-71,-69,-68,-67,-55,-62,-100,-68,-58,-60,-58,-58,-79,-71,-75,-76,-70,-70,-69,-70,-100,-61,-73,-100,-64,-60,-68,-100,-100,-100,-46,-82,-82,-81,-83,-100,-100,-100,-100,-100,-38,-39,-100,-100,2
-77,-76,-65,-65,-76,-75,-69,-77,-65,-65,-63,-64,-100,-79,-74,-76,-77,-77,-76,-100,-72,-73,-53,-53,-53,-53,-100,-65,-62,-100,-51,-57,-58,-100,-100,-100,-59,-100,-100,-83,-83,-100,-100,-100,-100,-100,-34,-34,-100,-100,2
-66,-67,-69,-67,-70,-76,-100,-69,-60,-59,-55,-62,-100,-68,-58,-58,-58,-58,-79,-100,-75,-76,-67,-67,-67,-67,-100,-59,-73,-100,-63,-60,-63,-100,-100,-100,-46,-84,-85,-83,-83,-100,-100,-100,-100,-100,-42,-38,-100,-100,2
-77,-76,-66,-66,-79,-84,-100,-100,-64,-64,-63,-68,-100,-79,-74,-76,-75,-75,-76,-100,-68,-69,-52,-52,-52,-52,-100,-64,-65,-100,-52,-61,-60,-100,-100,-100,-51,-100,-100,-86,-85,-100,-100,-100,-100,-100,-37,-37,-100,-100,2
-66,-65,-59,-59,-73,-76,-100,-100,-54,-54,-59,-59,-100,-68,-58,-58,-58,-58,-79,-100,-75,-77,-68,-68,-70,-68,-100,-64,-76,-100,-63,-63,-60,-100,-100,-100,-48,-82,-82,-83,-81,-100,-100,-100,-100,-100,-39,-38,-100,-100,2
-77,-77,-64,-64,-79,-100,-76,-69,-62,-63,-63,-68,-100,-79,-73,-73,-73,-73,-76,-71,-72,-71,-55,-55,-55,-55,-100,-71,-66,-100,-53,-60,-56,-100,-100,-100,-51,-100,-100,-86,-88,-100,-100,-100,-100,-100,-41,-41,-100,-100,2
-66,-66,-56,-55,-76,-76,-77,-75,-54,-54,-63,-62,-100,-68,-58,-58,-58,-58,-73,-100,-75,-77,-69,-69,-70,-69,-100,-61,-75,-100,-64,-63,-63,-100,-100,-79,-45,-82,-82,-79,-80,-100,-100,-100,-100,-100,-47,-46,-100,-100,2
-76,-75,-67,-67,-100,-81,-76,-69,-64,-64,-68,-68,-100,-82,-74,-74,-73,-74,-76,-71,-79,-79,-59,-59,-59,-59,-100,-64,-69,-100,-55,-64,-62,-100,-100,-100,-52,-100,-100,-86,-88,-100,-100,-100,-100,-100,-44,-44,-100,-100,2
-68,-67,-60,-59,-71,-71,-65,-67,-54,-54,-59,-60,-100,-68,-57,-57,-57,-57,-72,-72,-75,-75,-70,-70,-70,-70,-100,-69,-75,-100,-64,-64,-63,-100,-100,-79,-45,-82,-82,-79,-76,-100,-100,-100,-100,-100,-47,-54,-100,-100,2
-78,-74,-64,-64,-76,-81,-76,-69,-65,-66,-68,-68,-100,-83,-74,-74,-75,-75,-76,-71,-79,-79,-62,-63,-63,-63,-100,-61,-65,-100,-53,-64,-62,-100,-100,-100,-52,-100,-100,-86,-88,-100,-100,-100,-100,-100,-40,-40,-100,-100,2
-64,-64,-59,-59,-70,-69,-64,-65,-51,-51,-58,-59,-100,-74,-57,-57,-63,-63,-72,-72,-75,-75,-73,-73,-73,-73,-100,-69,-77,-100,-66,-64,-69,-100,-100,-79,-48,-81,-80,-80,-79,-100,-100,-100,-100,-100,-48,-49,-100,-100,2
-76,-73,-66,-66,-76,-81,-76,-69,-61,-62,-67,-72,-100,-83,-74,-75,-74,-74,-72,-71,-74,-74,-59,-59,-59,-59,-100,-61,-68,-100,-54,-69,-65,-100,-100,-100,-49,-100,-100,-84,-100,-100,-100,-100,-100,-100,-41,-40,-100,-100,2
-71,-65,-59,-63,-71,-69,-63,-64,-53,-53,-59,-59,-100,-72,-62,-58,-59,-59,-75,-74,-72,-75,-71,-70,-70,-71,-100,-61,-79,-100,-65,-64,-67,-100,-100,-79,-39,-82,-80,-80,-79,-100,-100,-100,-100,-100,-48,-49,-100,-100,2
-76,-73,-64,-64,-76,-81,-100,-100,-62,-62,-67,-72,-100,-83,-73,-79,-74,-74,-76,-75,-76,-80,-63,-63,-63,-63,-100,-64,-66,-100,-55,-58,-58,-100,-100,-100,-46,-100,-100,-84,-100,-100,-100,-100,-100,-100,-44,-43,-100,-100,2
-66,-58,-53,-54,-75,-75,-64,-67,-56,-56,-59,-59,-100,-72,-63,-62,-62,-62,-75,-78,-72,-75,-71,-70,-71,-71,-100,-65,-79,-100,-65,-73,-67,-100,-100,-72,-45,-82,-81,-74,-77,-100,-100,-100,-100,-100,-45,-54,-100,-100,2
-76,-73,-59,-59,-76,-76,-100,-100,-58,-59,-69,-69,-100,-100,-71,-74,-71,-74,-76,-75,-72,-73,-60,-60,-60,-60,-100,-68,-72,-100,-52,-55,-59,-100,-100,-100,-46,-100,-100,-79,-79,-100,-100,-100,-100,-100,-52,-49,-100,-100,2
-63,-62,-56,-56,-78,-79,-66,-65,-58,-58,-63,-63,-100,-72,-71,-71,-66,-66,-71,-72,-72,-75,-75,-74,-75,-75,-100,-65,-79,-100,-66,-72,-67,-100,-100,-71,-45,-82,-83,-78,-78,-100,-100,-100,-100,-100,-50,-54,-100,-100,2
-70,-66,-58,-58,-79,-76,-72,-72,-57,-57,-68,-68,-100,-100,-74,-71,-73,-72,-100,-73,-76,-77,-59,-59,-59,-59,-100,-60,-66,-100,-54,-60,-61,-100,-100,-100,-50,-100,-100,-79,-79,-100,-100,-100,-100,-100,-44,-53,-100,-100,2
-64,-64,-56,-56,-72,-72,-70,-69,-53,-53,-62,-62,-100,-70,-61,-61,-60,-60,-75,-75,-72,-75,-71,-72,-72,-71,-100,-72,-83,-100,-65,-72,-75,-100,-100,-69,-42,-83,-82,-75,-77,-100,-100,-100,-100,-100,-50,-51,-100,-100,2
-70,-66,-58,-58,-79,-76,-72,-72,-57,-57,-67,-67,-100,-100,-74,-74,-73,-74,-81,-73,-74,-73,-58,-58,-58,-58,-100,-65,-70,-100,-54,-57,-60,-100,-100,-100,-45,-100,-100,-79,-79,-100,-100,-100,-100,-100,-46,-45,-100,-100,2
-68,-68,-57,-57,-70,-72,-66,-65,-49,-49,-62,-62,-100,-70,-61,-61,-66,-61,-78,-80,-72,-75,-73,-73,-73,-73,-100,-72,-80,-100,-69,-68,-68,-100,-100,-69,-40,-82,-82,-75,-80,-100,-100,-100,-100,-100,-48,-49,-100,-100,2
-70,-66,-58,-58,-78,-76,-72,-72,-56,-56,-65,-67,-100,-100,-74,-73,-73,-73,-81,-73,-71,-72,-59,-59,-59,-59,-100,-65,-70,-100,-55,-57,-60,-100,-100,-100,-52,-100,-100,-79,-79,-100,-100,-100,-100,-100,-46,-45,-100,-100,2
-73,-72,-53,-53,-72,-72,-62,-63,-50,-49,-62,-62,-100,-70,-60,-59,-62,-60,-72,-77,-74,-75,-72,-72,-72,-72,-100,-70,-81,-100,-66,-68,-73,-100,-100,-69,-47,-80,-80,-72,-80,-100,-100,-100,-100,-100,-54,-48,-100,-100,2
-70,-66,-58,-58,-71,-73,-72,-72,-53,-53,-66,-77,-100,-100,-75,-76,-77,-77,-81,-80,-79,-80,-60,-60,-60,-60,-100,-69,-72,-100,-55,-59,-58,-100,-100,-100,-56,-100,-100,-84,-83,-100,-100,-100,-100,-100,-49,-49,-100,-100,2
-77,-77,-51,-51,-72,-72,-67,-63,-50,-49,-62,-62,-100,-70,-60,-59,-59,-60,-72,-77,-76,-75,-71,-72,-72,-72,-100,-70,-83,-100,-68,-68,-72,-100,-100,-76,-49,-82,-82,-76,-76,-100,-100,-100,-100,-100,-54,-53,-100,-100,2
-71,-71,-55,-55,-71,-73,-70,-68,-49,-49,-69,-77,-100,-100,-75,-74,-75,-75,-81,-80,-79,-79,-60,-61,-61,-60,-100,-69,-72,-100,-57,-59,-59,-100,-100,-100,-51,-100,-100,-84,-83,-100,-100,-100,-100,-100,-45,-47,-100,-100,2
-73,-73,-49,-49,-71,-71,-65,-63,-44,-44,-62,-62,-100,-70,-63,-63,-63,-63,-77,-77,-76,-75,-71,-72,-72,-72,-100,-74,-83,-100,-68,-67,-65,-100,-100,-76,-50,-82,-82,-76,-72,-100,-100,-100,-100,-100,-54,-51,-100,-100,2
-66,-71,-55,-56,-71,-73,-71,-62,-51,-51,-69,-77,-100,-74,-78,-78,-78,-75,-77,-75,-75,-77,-58,-58,-58,-59,-100,-73,-76,-100,-55,-63,-61,-100,-100,-78,-53,-100,-100,-78,-79,-100,-100,-100,-100,-100,-47,-47,-100,-100,2
-73,-73,-49,-49,-76,-76,-65,-65,-45,-44,-63,-64,-100,-72,-64,-62,-63,-63,-77,-78,-76,-100,-72,-72,-72,-72,-100,-74,-83,-100,-70,-67,-77,-100,-100,-74,-51,-81,-82,-73,-72,-100,-100,-100,-100,-100,-52,-53,-100,-100,2
-66,-67,-51,-52,-71,-74,-71,-62,-47,-47,-69,-65,-100,-74,-74,-74,-74,-74,-73,-75,-71,-71,-56,-56,-56,-56,-100,-71,-73,-100,-57,-63,-61,-100,-100,-78,-53,-100,-100,-77,-77,-100,-100,-100,-100,-100,-47,-49,-100,-100,2
-74,-74,-47,-47,-72,-71,-58,-65,-46,-46,-60,-64,-100,-72,-65,-62,-65,-65,-71,-71,-76,-100,-71,-71,-71,-71,-100,-74,-83,-100,-69,-73,-81,-100,-100,-78,-52,-77,-80,-77,-72,-100,-100,-100,-100,-100,-55,-56,-100,-100,2
-66,-67,-51,-52,-79,-77,-75,-74,-48,-48,-66,-65,-100,-74,-75,-77,-76,-76,-73,-75,-70,-70,-56,-56,-56,-56,-100,-71,-73,-100,-57,-65,-66,-100,-100,-78,-50,-85,-100,-74,-78,-100,-100,-100,-100,-100,-50,-49,-100,-100,2
-75,-75,-47,-47,-74,-74,-58,-65,-40,-40,-60,-66,-100,-72,-62,-62,-62,-62,-71,-71,-100,-100,-72,-72,-72,-73,-100,-74,-83,-100,-70,-73,-81,-100,-100,-76,-50,-78,-80,-81,-76,-100,-100,-100,-100,-100,-55,-56,-100,-100,2
-66,-67,-55,-55,-72,-72,-71,-68,-44,-44,-66,-65,-100,-74,-75,-74,-74,-74,-100,-84,-73,-73,-55,-55,-54,-55,-100,-71,-76,-100,-60,-66,-66,-100,-100,-78,-57,-85,-84,-73,-74,-100,-100,-100,-100,-100,-49,-49,-100,-100,2
-68,-65,-44,-44,-70,-70,-58,-65,-40,-40,-62,-63,-100,-72,-70,-70,-70,-70,-71,-74,-100,-100,-72,-72,-72,-73,-100,-100,-83,-100,-69,-73,-79,-100,-100,-76,-54,-82,-80,-77,-76,-100,-100,-100,-100,-100,-51,-56,-100,-100,2
-69,-73,-50,-49,-72,-70,-71,-68,-47,-47,-66,-65,-100,-80,-75,-74,-73,-73,-79,-84,-84,-73,-57,-57,-58,-58,-100,-72,-78,-100,-58,-71,-71,-100,-100,-80,-54,-85,-84,-75,-78,-100,-100,-100,-100,-100,-49,-49,-100,-100,2
-66,-66,-44,-44,-69,-68,-56,-59,-39,-39,-60,-60,-100,-72,-68,-70,-70,-68,-71,-75,-100,-79,-69,-69,-69,-69,-100,-100,-100,-100,-70,-75,-74,-100,-100,-72,-51,-82,-80,-71,-72,-100,-100,-100,-100,-100,-56,-56,-100,-100,2
-69,-69,-46,-45,-70,-70,-63,-68,-47,-47,-66,-65,-100,-77,-75,-74,-75,-75,-79,-84,-84,-73,-59,-59,-59,-60,-100,-73,-75,-100,-58,-67,-68,-100,-100,-62,-55,-85,-84,-75,-78,-100,-100,-100,-100,-100,-52,-53,-100,-100,2
-63,-65,-44,-44,-69,-68,-60,-59,-40,-40,-61,-62,-100,-100,-64,-64,-65,-64,-85,-83,-78,-79,-69,-69,-69,-69,-100,-73,-100,-100,-71,-75,-74,-100,-100,-72,-55,-73,-72,-72,-67,-100,-100,-100,-100,-100,-60,-59,-100,-100,2
-100,-100,-36,-36,-100,-75,-70,-71,-44,-40,-79,-79,-100,-100,-100,-100,-100,-100,-100,-86,-91,-100,-100,-100,-100,-100,-100,-89,-100,-100,-100,-83,-86,-100,-63,-69,-74,-83,-84,-70,-74,-100,-100,-100,-100,-100,-77,-76,-100,-100,2
-100,-100,-37,-37,-81,-72,-70,-71,-45,-42,-75,-75,-100,-100,-100,-100,-100,-100,-88,-86,-91,-100,-100,-100,-100,-100,-100,-85,-100,-100,-100,-83,-86,-100,-63,-69,-71,-84,-83,-72,-73,-100,-100,-100,-100,-100,-73,-72,-100,-100,2
-100,-100,-36,-36,-81,-64,-65,-66,-40,-40,-75,-73,-100,-100,-100,-100,-100,-100,-88,-86,-91,-100,-100,-100,-100,-100,-100,-85,-100,-100,-100,-83,-86,-100,-59,-71,-71,-84,-85,-68,-68,-100,-100,-100,-100,-100,-72,-72,-100,-100,2
-100,-100,-36,-36,-81,-64,-69,-69,-46,-38,-76,-75,-100,-100,-100,-100,-100,-100,-88,-100,-100,-100,-100,-100,-100,-100,-100,-85,-100,-100,-100,-83,-86,-100,-64,-80,-69,-84,-86,-73,-75,-100,-100,-100,-100,-100,-70,-69,-100,-100,2
-100,-100,-41,-41,-81,-100,-71,-71,-42,-42,-72,-73,-100,-100,-100,-100,-100,-100,-88,-100,-100,-100,-100,-100,-100,-100,-100,-89,-100,-100,-100,-83,-90,-100,-64,-80,-64,-84,-86,-73,-75,-100,-100,-100,-100,-100,-67,-67,-100,-100,5
-68,-68,-42,-41,-69,-70,-64,-68,-39,-39,-67,-67,-100,-77,-76,-76,-76,-76,-79,-100,-100,-100,-59,-59,-59,-59,-100,-77,-74,-100,-59,-63,-62,-100,-100,-62,-59,-83,-84,-77,-77,-100,-100,-100,-100,-100,-53,-53,-100,-100,5
-67,-66,-40,-40,-67,-67,-61,-61,-40,-40,-64,-60,-100,-100,-60,-60,-60,-60,-81,-83,-78,-79,-73,-73,-73,-76,-100,-73,-100,-100,-71,-75,-73,-100,-100,-72,-58,-73,-73,-70,-69,-100,-100,-100,-100,-100,-57,-58,-100,-100,5
-100,-81,-37,-37,-67,-66,-60,-60,-44,-40,-74,-74,-100,-100,-100,-100,-100,-100,-100,-100,-100,-100,-100,-100,-100,-100,-100,-87,-100,-100,-85,-100,-83,-100,-56,-70,-65,-76,-76,-64,-63,-100,-100,-100,-100,-100,-67,-69,-100,-100,5
-100,-81,-37,-37,-64,-67,-68,-69,-42,-44,-74,-74,-100,-100,-100,-100,-100,-100,-100,-100,-100,-100,-100,-82,-100,-83,-100,-87,-100,-100,-81,-100,-87,-100,-56,-75,-65,-77,-77,-70,-74,-100,-100,-100,-100,-100,-67,-69,-100,-100,5
-100,-100,-36,-37,-74,-74,-63,-71,-46,-40,-82,-81,-100,-100,-100,-100,-100,-100,-100,-86,-91,-100,-100,-100,-100,-100,-100,-88,-100,-100,-100,-100,-100,-100,-65,-69,-70,-79,-79,-70,-74,-100,-100,-100,-100,-100,-75,-74,-100,-100,5
-100,-100,-42,-42,-72,-74,-67,-69,-42,-44,-82,-81,-100,-100,-100,-100,-100,-100,-91,-100,-100,-100,-100,-100,-100,-100,-100,-88,-100,-100,-82,-100,-85,-100,-68,-77,-68,-82,-83,-78,-81,-100,-100,-100,-100,-100,-71,-70,-100,-100,5
-100,-100,-39,-40,-72,-70,-67,-69,-46,-37,-82,-81,-100,-100,-100,-100,-100,-100,-91,-100,-100,-100,-100,-100,-100,-100,-100,-88,-100,-100,-82,-88,-88,-100,-65,-79,-68,-82,-83,-79,-79,-100,-100,-100,-100,-100,-72,-70,-100,-100,5
-100,-100,-36,-36,-72,-70,-67,-69,-40,-41,-82,-81,-100,-100,-100,-100,-100,-100,-91,-100,-100,-100,-100,-100,-100,-100,-100,-81,-100,-100,-83,-88,-88,-100,-65,-82,-68,-82,-82,-79,-75,-100,-100,-100,-100,-100,-73,-70,-100,-100,5
-82,-84,-29,-29,-76,-78,-64,-64,-27,-34,-72,-73,-100,-100,-100,-100,-100,-100,-100,-100,-100,-100,-100,-100,-100,-100,-100,-89,-100,-100,-100,-83,-83,-100,-60,-78,-62,-82,-86,-73,-75,-100,-100,-100,-100,-100,-67,-100,-100,-100,5
-100,-100,-100,-100,-100,-100,-100,-100,-100,-100,-100,-100,-100,-100,-100,-100,-100,-100,-100,-100,-100,-100,-100,-100,-100,-100,-100,-100,-100,-100,-100,-100,-100,-100,-100,-100,-100,-100,-100,-100,-100,-100,-100,-100,-100,-100,-100,-100,-100,-100,5
-67,-66,-43,-43,-69,-70,-65,-65,-35,-35,-69,-69,-100,-75,-72,-73,-73,-72,-79,-100,-100,-100,-58,-58,-58,-59,-100,-77,-75,-100,-60,-67,-67,-100,-100,-62,-59,-82,-82,-69,-69,-100,-100,-100,-100,-100,-52,-54,-100,-100,5
-66,-66,-45,-45,-63,-63,-56,-55,-36,-36,-65,-64,-100,-75,-56,-56,-56,-57,-81,-83,-78,-79,-74,-74,-74,-75,-100,-73,-100,-100,-72,-78,-73,-100,-100,-72,-58,-76,-76,-67,-65,-100,-100,-100,-100,-100,-60,-56,-100,-100,5
-70,-72,-35,-35,-67,-66,-64,-64,-46,-36,-80,-80,-100,-100,-100,-100,-100,-100,-100,-100,-100,-100,-100,-100,-100,-100,-100,-87,-100,-100,-85,-81,-83,-100,-59,-73,-71,-81,-80,-64,-63,-100,-100,-100,-100,-100,-67,-71,-100,-100,5
-100,-81,-37,-37,-64,-67,-66,-66,-40,-38,-74,-74,-100,-100,-100,-100,-100,-100,-100,-100,-100,-100,-100,-82,-100,-83,-100,-85,-100,-100,-81,-100,-100,-100,-63,-80,-66,-77,-78,-74,-72,-100,-100,-87,-89,-100,-67,-69,-100,-100,5
-100,-100,-43,-43,-73,-77,-72,-71,-48,-46,-73,-74,-100,-100,-100,-100,-100,-100,-100,-100,-100,-100,-100,-100,-100,-100,-100,-90,-100,-100,-100,-84,-84,-100,-65,-71,-68,-82,-84,-61,-62,-100,-100,-100,-100,-100,-74,-77,-100,-100,5
-100,-100,-43,-43,-66,-69,-67,-67,-45,-53,-71,-71,-100,-100,-100,-100,-100,-100,-100,-100,-100,-100,-100,-100,-100,-100,-100,-90,-100,-100,-83,-83,-81,-100,-63,-71,-70,-82,-82,-65,-65,-100,-100,-100,-100,-100,-70,-74,-100,-100,5
-100,-100,-39,-39,-72,-70,-60,-61,-40,-45,-71,-71,-100,-100,-100,-100,-100,-100,-100,-100,-100,-100,-100,-100,-100,-100,-100,-85,-100,-100,-83,-83,-81,-100,-58,-73,-62,-82,-82,-71,-71,-100,-100,-100,-100,-100,-70,-70,-100,-100,5
-100,-100,-34,-34,-70,-70,-60,-61,-37,-41,-74,-75,-100,-100,-100,-100,-100,-100,-91,-100,-100,-100,-100,-100,-100,-100,-100,-81,-100,-100,-83,-83,-81,-100,-66,-77,-70,-82,-82,-71,-71,-100,-100,-100,-100,-100,-74,-70,-100,-100,5
-100,-100,-100,-100,-100,-100,-100,-100,-100,-100,-100,-100,-100,-100,-100,-100,-100,-100,-100,-100,-100,-100,-100,-100,-100,-100,-100,-100,-100,-100,-100,-100,-100,-100,-100,-100,-100,-100,-100,-100,-100,-100,-100,-100,-100,-100,-100,-100,-100,-100,5
-62,-60,-40,-40,-61,-60,-58,-60,-36,-36,-54,-54,-100,-79,-64,-64,-65,-64,-75,-100,-100,-100,-66,-66,-66,-66,-100,-100,-74,-100,-71,-66,-67,-100,-100,-62,-63,-80,-80,-68,-65,-100,-100,-100,-100,-100,-54,-54,-100,-100,5
-62,-62,-38,-38,-61,-61,-58,-58,-40,-40,-62,-59,-100,-79,-54,-54,-55,-55,-81,-83,-78,-100,-73,-73,-73,-73,-100,-73,-100,-100,-72,-72,-73,-100,-100,-58,-63,-76,-76,-68,-66,-100,-100,-100,-100,-100,-60,-61,-100,-100,5
-100,-100,-39,-39,-71,-69,-68,-73,-44,-37,-76,-74,-100,-100,-100,-100,-100,-100,-77,-79,-100,-100,-84,-100,-84,-100,-100,-87,-100,-100,-84,-100,-100,-100,-56,-76,-69,-79,-78,-72,-76,-100,-100,-100,-88,-100,-73,-73,-100,-100,5
-100,-100,-35,-35,-71,-69,-68,-69,-37,-36,-69,-69,-100,-100,-100,-100,-100,-100,-77,-84,-100,-100,-84,-100,-84,-100,-100,-100,-100,-100,-80,-100,-100,-100,-61,-74,-63,-79,-77,-71,-70,-100,-100,-100,-89,-100,-71,-72,-100,-100,5
-100,-100,-37,-37,-64,-66,-64,-64,-44,-40,-74,-74,-100,-100,-100,-100,-100,-100,-100,-100,-100,-100,-100,-82,-100,-83,-100,-89,-100,-100,-81,-100,-100,-100,-56,-75,-74,-78,-78,-66,-69,-100,-100,-87,-89,-100,-68,-68,-100,-100,5
-100,-100,-43,-43,-74,-74,-68,-68,-42,-42,-73,-70,-100,-100,-100,-100,-100,-100,-84,-87,-100,-100,-100,-100,-100,-100,-100,-84,-100,-100,-83,-87,-87,-100,-61,-75,-68,-87,-100,-73,-67,-100,-100,-100,-100,-100,-73,-74,-100,-100,5
-100,-100,-39,-39,-80,-80,-69,-68,-45,-42,-73,-70,-100,-100,-100,-100,-100,-100,-84,-100,-100,-100,-100,-100,-100,-100,-100,-100,-100,-100,-83,-86,-86,-100,-62,-77,-68,-84,-82,-76,-77,-100,-100,-100,-100,-100,-76,-78,-100,-100,5
-72,-72,-37,-37,-69,-69,-70,-70,-41,-39,-70,-69,-100,-100,-100,-100,-100,-100,-75,-70,-100,-100,-100,-100,-100,-100,-100,-88,-100,-100,-100,-86,-82,-100,-70,-75,-66,-81,-80,-69,-70,-100,-100,-100,-100,-100,-76,-75,-100,-100,5
-100,-100,-39,-39,-71,-72,-68,-69,-38,-41,-100,-75,-100,-100,-100,-100,-100,-100,-77,-79,-100,-100,-100,-100,-100,-100,-100,-87,-100,-100,-84,-100,-91,-100,-54,-75,-68,-80,-79,-70,-69,-100,-100,-100,-80,-100,-73,-73,-100,-100,5
-100,-100,-33,-33,-63,-63,-66,-66,-42,-40,-73,-67,-100,-100,-100,-100,-100,-100,-100,-84,-100,-100,-84,-100,-84,-100,-100,-100,-100,-100,-80,-78,-100,-100,-59,-74,-64,-84,-81,-67,-67,-100,-100,-100,-89,-100,-71,-75,-100,-100,5
-77,-100,-41,-41,-64,-66,-64,-64,-42,-41,-81,-78,-100,-100,-100,-100,-100,-100,-100,-100,-100,-100,-100,-82,-100,-83,-100,-100,-100,-100,-81,-87,-100,-100,-62,-75,-67,-79,-78,-64,-71,-100,-100,-87,-89,-100,-71,-70,-100,-100,5
-100,-100,-37,-37,-67,-73,-65,-65,-45,-41,-66,-65,-100,-100,-100,-100,-100,-100,-84,-87,-100,-100,-100,-100,-100,-100,-100,-89,-100,-100,-83,-84,-88,-100,-64,-76,-65,-76,-75,-69,-63,-100,-100,-100,-100,-100,-72,-73,-100,-100,5
-100,-100,-45,-45,-78,-78,-69,-68,-50,-42,-73,-70,-100,-100,-100,-100,-100,-100,-84,-100,-100,-100,-100,-100,-100,-100,-100,-100,-100,-100,-83,-89,-88,-100,-67,-77,-71,-84,-82,-76,-75,-100,-100,-100,-100,-100,-76,-74,-100,-100,5
-100,-100,-42,-42,-71,-70,-62,-62,-44,-50,-70,-69,-100,-100,-100,-100,-100,-100,-77,-70,-100,-100,-83,-100,-100,-100,-100,-88,-100,-100,-84,-84,-84,-100,-70,-71,-70,-81,-80,-65,-66,-100,-100,-100,-100,-100,-71,-74,-100,-100,5
-100,-100,-39,-39,-72,-72,-64,-69,-42,-41,-100,-75,-100,-100,-100,-100,-100,-100,-77,-79,-100,-100,-100,-100,-100,-100,-100,-87,-100,-100,-84,-100,-91,-100,-54,-69,-68,-77,-77,-72,-69,-100,-100,-100,-84,-100,-73,-73,-100,-100,5
-100,-100,-35,-35,-65,-67,-63,-62,-40,-52,-77,-75,-100,-100,-100,-100,-100,-100,-100,-76,-100,-100,-84,-100,-84,-100,-100,-100,-100,-100,-81,-78,-78,-100,-59,-74,-72,-79,-79,-60,-60,-100,-100,-100,-89,-100,-71,-75,-100,-100,5
-77,-100,-42,-42,-68,-66,-62,-62,-41,-39,-85,-78,-100,-100,-100,-100,-100,-100,-100,-100,-100,-100,-84,-100,-100,-100,-100,-100,-100,-100,-84,-87,-82,-100,-62,-76,-74,-81,-80,-64,-71,-100,-100,-87,-89,-100,-71,-70,-100,-100,5
-100,-100,-43,-43,-64,-65,-64,-64,-45,-43,-76,-75,-100,-100,-100,-100,-100,-100,-100,-87,-100,-100,-100,-100,-100,-100,-100,-88,-100,-100,-85,-87,-84,-100,-65,-76,-71,-77,-78,-65,-65,-100,-100,-100,-100,-100,-72,-75,-100,-100,5
-100,-100,-45,-45,-74,-78,-68,-68,-49,-49,-73,-70,-100,-100,-100,-100,-100,-100,-84,-100,-100,-100,-100,-100,-100,-100,-100,-100,-100,-100,-82,-85,-88,-100,-67,-79,-71,-84,-82,-75,-75,-100,-100,-100,-100,-100,-74,-73,-100,-100,5
-100,-100,-47,-47,-70,-70,-62,-62,-50,-56,-70,-69,-100,-100,-100,-100,-100,-100,-77,-70,-100,-90,-83,-100,-100,-100,-100,-88,-100,-100,-84,-84,-84,-100,-66,-71,-70,-79,-79,-68,-68,-100,-100,-100,-100,-100,-71,-71,-100,-100,5
-100,-100,-35,-35,-73,-72,-67,-68,-41,-45,-100,-100,-100,-100,-100,-100,-100,-100,-100,-73,-100,-100,-100,-100,-100,-100,-100,-87,-100,-100,-84,-100,-91,-100,-56,-72,-72,-77,-76,-71,-69,-100,-100,-100,-84,-100,-74,-73,-100,-100,5
-100,-100,-39,-39,-65,-62,-63,-62,-44,-37,-73,-73,-100,-100,-100,-100,-100,-100,-100,-76,-100,-100,-100,-100,-100,-100,-100,-87,-100,-100,-81,-77,-78,-100,-63,-74,-68,-84,-82,-66,-69,-100,-100,-100,-89,-100,-68,-71,-100,-100,5
-77,-100,-42,-42,-69,-68,-64,-64,-46,-41,-75,-78,-100,-100,-100,-100,-100,-100,-75,-100,-100,-100,-84,-100,-100,-100,-100,-83,-100,-100,-82,-87,-82,-100,-53,-77,-66,-81,-81,-67,-70,-100,-100,-86,-82,-100,-71,-70,-100,-100,5
-82,-100,-44,-43,-72,-73,-64,-64,-45,-46,-76,-75,-100,-100,-100,-100,-100,-100,-100,-87,-100,-100,-100,-100,-100,-100,-100,-88,-100,-100,-85,-87,-84,-100,-64,-76,-70,-74,-74,-68,-63,-100,-100,-100,-100,-100,-69,-71,-100,-100,5
-100,-79,-44,-44,-74,-70,-68,-68,-46,-53,-72,-72,-100,-100,-100,-100,-100,-100,-100,-100,-100,-100,-100,-100,-100,-100,-100,-100,-100,-100,-82,-89,-88,-100,-64,-79,-70,-84,-82,-71,-71,-100,-100,-100,-100,-100,-71,-73,-100,-100,5
-100,-100,-48,-48,-70,-70,-59,-59,-50,-52,-70,-69,-100,-100,-100,-100,-100,-100,-77,-70,-100,-90,-83,-100,-100,-100,-100,-88,-100,-100,-84,-82,-84,-100,-76,-73,-70,-75,-75,-65,-65,-100,-100,-100,-100,-100,-71,-72,-100,-100,5
-100,-100,-37,-37,-69,-69,-66,-68,-42,-38,-100,-100,-100,-100,-100,-100,-100,-100,-100,-100,-100,-100,-100,-100,-100,-100,-100,-81,-100,-100,-81,-100,-91,-100,-64,-75,-72,-78,-78,-74,-73,-100,-100,-100,-84,-100,-72,-74,-100,-100,5
-100,-100,-40,-39,-66,-64,-61,-61,-36,-37,-79,-79,-100,-100,-100,-100,-100,-100,-100,-76,-100,-100,-84,-100,-85,-100,-100,-87,-100,-100,-85,-85,-81,-100,-65,-75,-64,-82,-82,-70,-67,-100,-100,-100,-100,-100,-68,-71,-100,-100,5
-77,-100,-47,-47,-69,-68,-65,-65,-40,-46,-75,-78,-100,-100,-100,-100,-100,-100,-75,-100,-100,-100,-84,-100,-85,-100,-100,-83,-100,-100,-84,-87,-82,-100,-59,-74,-66,-83,-83,-74,-79,-100,-100,-79,-82,-100,-71,-66,-100,-100,5
-82,-100,-48,-48,-66,-67,-66,-67,-46,-53,-76,-75,-100,-100,-100,-100,-100,-100,-100,-79,-100,-100,-100,-100,-100,-100,-100,-87,-100,-100,-85,-82,-84,-100,-68,-76,-66,-72,-71,-68,-66,-100,-100,-100,-100,-100,-72,-71,-100,-100,5
-100,-79,-45,-45,-74,-70,-70,-70,-52,-49,-72,-72,-100,-100,-100,-100,-100,-100,-100,-100,-100,-100,-100,-100,-100,-100,-100,-100,-100,-100,-82,-89,-88,-100,-65,-79,-75,-84,-83,-67,-68,-100,-100,-100,-100,-100,-71,-73,-100,-100,5
-100,-100,-47,-47,-69,-70,-63,-63,-53,-56,-74,-73,-100,-100,-100,-100,-100,-100,-77,-100,-100,-90,-83,-100,-100,-100,-100,-88,-100,-100,-84,-86,-84,-100,-70,-73,-66,-73,-73,-65,-65,-100,-100,-100,-100,-100,-71,-73,-100,-100,5
-100,-100,-41,-41,-69,-69,-65,-72,-48,-42,-100,-100,-100,-100,-100,-100,-100,-100,-100,-100,-100,-100,-100,-100,-100,-100,-100,-88,-100,-100,-100,-100,-100,-100,-59,-75,-70,-78,-78,-77,-76,-100,-100,-100,-100,-100,-73,-74,-100,-100,5
-100,-100,-36,-35,-70,-68,-65,-65,-37,-36,-75,-75,-100,-100,-100,-100,-100,-100,-75,-76,-100,-100,-84,-100,-85,-100,-100,-83,-100,-100,-85,-81,-79,-100,-65,-75,-64,-86,-84,-67,-69,-100,-100,-100,-100,-100,-67,-67,-100,-100,5
-100,-100,-36,-36,-70,-65,-65,-65,-38,-35,-75,-69,-100,-100,-100,-100,-100,-100,-75,-100,-100,-100,-84,-100,-85,-100,-100,-83,-100,-100,-84,-83,-82,-100,-56,-73,-70,-81,-80,-74,-69,-100,-100,-100,-100,-100,-71,-67,-100,-100,5
-82,-100,-47,-47,-69,-69,-65,-64,-51,-50,-74,-74,-100,-100,-100,-100,-100,-100,-88,-79,-100,-100,-100,-100,-100,-100,-100,-87,-100,-100,-82,-82,-85,-100,-63,-74,-70,-79,-78,-70,-70,-100,-100,-100,-100,-100,-71,-69,-100,-100,5
-100,-79,-47,-47,-73,-72,-70,-70,-50,-51,-68,-68,-100,-100,-100,-100,-83,-84,-100,-100,-100,-100,-100,-100,-100,-100,-100,-88,-100,-100,-82,-89,-83,-100,-69,-81,-72,-84,-85,-67,-68,-100,-100,-100,-100,-100,-75,-77,-100,-100,5
-100,-100,-50,-50,-68,-67,-71,-71,-58,-50,-72,-71,-100,-100,-100,-100,-83,-84,-100,-100,-100,-90,-100,-100,-100,-100,-100,-88,-100,-100,-84,-86,-87,-100,-67,-73,-73,-68,-68,-62,-62,-100,-100,-100,-100,-100,-70,-73,-100,-100,5
-100,-100,-41,-41,-71,-69,-100,-100,-47,-47,-100,-100,-100,-100,-100,-100,-100,-100,-100,-100,-100,-100,-100,-100,-100,-100,-100,-100,-100,-100,-100,-100,-100,-100,-51,-76,-71,-80,-81,-82,-82,-100,-100,-100,-100,-100,-73,-74,-100,-100,5
-100,-100,-48,-47,-76,-77,-71,-72,-53,-46,-84,-83,-100,-100,-100,-100,-100,-100,-100,-100,-100,-100,-100,-100,-100,-100,-100,-100,-100,-100,-100,-100,-100,-100,-68,-83,-79,-100,-100,-74,-73,-100,-100,-100,-100,-100,-77,-77,-100,-100,5
-100,-100,-38,-38,-76,-76,-69,-68,-49,-41,-84,-83,-100,-100,-100,-100,-100,-100,-100,-89,-100,-100,-100,-100,-100,-100,-100,-100,-100,-100,-81,-83,-82,-100,-77,-78,-66,-100,-82,-76,-73,-100,-100,-100,-100,-100,-72,-72,-100,-100,5
-100,-100,-37,-37,-72,-69,-69,-68,-38,-36,-74,-74,-100,-100,-100,-100,-100,-100,-100,-78,-100,-100,-100,-100,-100,-100,-100,-86,-100,-100,-77,-77,-79,-100,-77,-76,-64,-82,-82,-76,-74,-100,-100,-100,-100,-100,-72,-74,-100,-100,5
-100,-100,-37,-37,-72,-72,-65,-64,-40,-52,-74,-74,-100,-100,-100,-100,-100,-85,-100,-78,-100,-100,-100,-100,-100,-100,-100,-78,-100,-100,-79,-77,-79,-100,-61,-76,-64,-78,-78,-68,-68,-100,-100,-100,-87,-100,-68,-78,-100,-100,5
-82,-86,-49,-49,-69,-67,-63,-64,-48,-50,-76,-76,-100,-100,-100,-100,-100,-100,-88,-79,-100,-100,-100,-100,-100,-87,-100,-90,-100,-100,-82,-82,-89,-100,-63,-80,-75,-78,-77,-70,-69,-100,-100,-100,-100,-100,-67,-66,-100,-100,5
-100,-79,-46,-46,-66,-60,-62,-62,-56,-50,-68,-68,-100,-100,-100,-100,-83,-84,-100,-100,-100,-100,-100,-100,-100,-100,-100,-88,-100,-100,-84,-86,-83,-100,-59,-73,-71,-80,-83,-65,-65,-100,-100,-100,-100,-100,-72,-72,-100,-100,5
-100,-100,-52,-52,-66,-66,-60,-60,-54,-54,-68,-68,-100,-100,-100,-100,-83,-84,-100,-100,-100,-100,-100,-100,-100,-100,-100,-88,-100,-100,-84,-86,-83,-100,-71,-73,-73,-71,-73,-63,-63,-100,-100,-100,-100,-100,-66,-67,-100,-100,5
-100,-100,-100,-100,-100,-100,-100,-100,-100,-100,-100,-100,-100,-100,-100,-100,-100,-100,-100,-100,-100,-100,-100,-100,-100,-100,-100,-100,-100,-100,-100,-100,-100,-100,-100,-100,-100,-100,-100,-100,-100,-100,-100,-100,-100,-100,-100,-100,-100,-100,5
-100,-100,-52,-51,-76,-77,-70,-73,-48,-49,-84,-83,-100,-100,-100,-100,-100,-100,-100,-100,-100,-100,-100,-100,-100,-100,-100,-86,-100,-100,-100,-100,-100,-100,-61,-80,-72,-100,-100,-79,-75,-100,-100,-100,-100,-100,-77,-77,-100,-100,5
-100,-100,-49,-49,-74,-75,-70,-73,-53,-49,-84,-83,-100,-100,-100,-100,-100,-100,-100,-83,-100,-100,-86,-85,-100,-100,-100,-86,-100,-100,-80,-100,-82,-100,-65,-72,-72,-82,-81,-81,-79,-100,-100,-100,-100,-100,-74,-73,-100,-100,5
-69,-69,-50,-49,-75,-76,-70,-71,-49,-49,-76,-75,-100,-100,-100,-100,-100,-100,-100,-83,-100,-100,-86,-85,-100,-100,-100,-86,-100,-100,-80,-100,-82,-100,-66,-72,-72,-82,-81,-76,-81,-100,-100,-100,-100,-100,-78,-77,-100,-100,5